game_id,game_no,team,player_name,starter,minutes,minutes_float,points,rebounds,assists,steals,blocks,turnovers,fouls,fgm,fga,fg_pct,three_pm,three_pa,three_pct,ftm,fta,ft_pct,efficiency,source_url
125112-CHN-NZL,1,China,Saiqi Jia,FALSE,19:08,19.13,3,4,2,5,0,0,2,1,6,16.7,1,3,33.3,0,0,0,9,https://www.fiba.basketball/en/events/fiba-womens-asiacup-2025/games/125112-CHN-NZL
125112-CHN-NZL,1,China,Ruoyun Zhai,FALSE,23:13,23.22,5,3,1,0,0,1,1,2,7,28.6,1,4,25,0,0,0,3,https://www.fiba.basketball/en/events/fiba-womens-asiacup-2025/games/125112-CHN-NZL
125112-CHN-NZL,1,China,ZIYU ZHANG,FALSE,10:02,10.03,12,4,0,0,0,1,1,4,6,66.7,0,0,0,4,5,80,12,https://www.fiba.basketball/en/events/fiba-womens-asiacup-2025/games/125112-CHN-NZL
125112-CHN-NZL,1,China,Xinyu Luo,TRUE,25:21:00,25.35,8,3,1,2,0,2,0,2,8,25,0,6,0,4,4,100,6,https://www.fiba.basketball/en/events/fiba-womens-asiacup-2025/games/125112-CHN-NZL
125112-CHN-NZL,1,China,Xu Han,TRUE,15:55,15.92,10,5,1,0,1,0,1,5,6,83.3,0,0,0,0,0,0,16,https://www.fiba.basketball/en/events/fiba-womens-asiacup-2025/games/125112-CHN-NZL
125112-CHN-NZL,1,China,Zhenqi Pan,FALSE,19:42,19.7,5,4,1,0,0,3,2,1,2,50,0,0,0,3,4,75,5,https://www.fiba.basketball/en/events/fiba-womens-asiacup-2025/games/125112-CHN-NZL
125112-CHN-NZL,1,China,Sijing Huang,FALSE,19:55,19.92,8,6,1,2,1,0,2,3,11,27.3,2,6,33.3,0,0,0,10,https://www.fiba.basketball/en/events/fiba-womens-asiacup-2025/games/125112-CHN-NZL
125112-CHN-NZL,1,China,Ru Zhang,TRUE,10:43,10.72,4,2,3,0,0,0,4,2,3,66.7,0,0,0,0,0,0,8,https://www.fiba.basketball/en/events/fiba-womens-asiacup-2025/games/125112-CHN-NZL
125112-CHN-NZL,1,China,Liwei Yang,FALSE,12:54,12.9,5,0,4,1,0,1,3,2,5,40,1,3,33.3,0,0,0,6,https://www.fiba.basketball/en/events/fiba-womens-asiacup-2025/games/125112-CHN-NZL
125112-CHN-NZL,1,China,Shuyu Yang,TRUE,16:01,16.02,12,3,4,0,0,0,3,5,8,62.5,2,3,66.7,0,0,0,16,https://www.fiba.basketball/en/events/fiba-womens-asiacup-2025/games/125112-CHN-NZL
125112-CHN-NZL,1,China,Yuan Li,TRUE,16:31,16.52,7,3,6,0,0,1,0,3,5,60,0,1,0,1,2,50,12,https://www.fiba.basketball/en/events/fiba-womens-asiacup-2025/games/125112-CHN-NZL
125112-CHN-NZL,1,China,Siyu Wang,FALSE,10:35,10.58,6,2,7,0,0,1,0,1,2,50,1,1,100,3,6,50,10,https://www.fiba.basketball/en/events/fiba-womens-asiacup-2025/games/125112-CHN-NZL
125112-CHN-NZL,1,New Zealand,Charlotte Whittaker,FALSE,19:29,19.48,10,5,0,0,0,1,3,5,12,41.7,0,2,0,0,0,0,7,https://www.fiba.basketball/en/events/fiba-womens-asiacup-2025/games/125112-CHN-NZL
125112-CHN-NZL,1,New Zealand,McKenna Dale,TRUE,21:01,21.02,3,5,0,1,1,0,0,1,4,25,1,3,33.3,0,0,0,7,https://www.fiba.basketball/en/events/fiba-womens-asiacup-2025/games/125112-CHN-NZL
125112-CHN-NZL,1,New Zealand,Tayla Dalton,TRUE,24:20:00,24.33,9,4,4,1,0,2,4,3,6,50,0,0,0,3,6,50,10,https://www.fiba.basketball/en/events/fiba-womens-asiacup-2025/games/125112-CHN-NZL
125112-CHN-NZL,1,New Zealand,Olivia Williams,FALSE,16:19,16.32,0,2,2,1,1,1,0,0,8,0,0,1,0,0,0,0,-3,https://www.fiba.basketball/en/events/fiba-womens-asiacup-2025/games/125112-CHN-NZL
125112-CHN-NZL,1,New Zealand,Ritorya Tamilo,FALSE,18:10,18.17,3,3,1,0,1,2,4,1,3,33.3,0,0,0,1,3,33.3,2,https://www.fiba.basketball/en/events/fiba-womens-asiacup-2025/games/125112-CHN-NZL
125112-CHN-NZL,1,New Zealand,Ella Tofaeono,FALSE,16:31,16.52,1,10,0,0,0,4,1,0,2,0,0,0,0,1,2,50,4,https://www.fiba.basketball/en/events/fiba-womens-asiacup-2025/games/125112-CHN-NZL
125112-CHN-NZL,1,New Zealand,Esra McGoldrick,TRUE,10:59,10.98,2,4,1,0,0,2,0,1,6,16.7,0,1,0,0,0,0,0,https://www.fiba.basketball/en/events/fiba-womens-asiacup-2025/games/125112-CHN-NZL
125112-CHN-NZL,1,New Zealand,Ashlee Strawbridge,FALSE,18:33,18.55,0,1,2,0,0,0,1,0,3,0,0,2,0,0,0,0,0,https://www.fiba.basketball/en/events/fiba-womens-asiacup-2025/games/125112-CHN-NZL
125112-CHN-NZL,1,New Zealand,Rebecca Kathleen Pizzey,TRUE,15:34,15.57,8,4,0,0,1,3,2,4,6,66.7,0,0,0,0,1,0,7,https://www.fiba.basketball/en/events/fiba-womens-asiacup-2025/games/125112-CHN-NZL
125112-CHN-NZL,1,New Zealand,Pahlyss Hokianga,FALSE,21:06,21.1,7,1,2,1,0,2,2,2,8,25,0,1,0,3,4,75,2,https://www.fiba.basketball/en/events/fiba-womens-asiacup-2025/games/125112-CHN-NZL
125112-CHN-NZL,1,New Zealand,Bailey Flavell,FALSE,0:00,0,0,0,0,0,0,0,0,0,0,0,0,0,0,0,0,0,0,https://www.fiba.basketball/en/events/fiba-womens-asiacup-2025/games/125112-CHN-NZL
125112-CHN-NZL,1,New Zealand,Emilia Shearer,TRUE,17:58,17.97,8,1,2,0,0,1,3,3,6,50,2,3,66.7,0,0,0,7,https://www.fiba.basketball/en/events/fiba-womens-asiacup-2025/games/125112-CHN-NZL
125113-NZL-KOR,2,New Zealand,Charlotte Whittaker,FALSE,7:59,7.98,4,1,0,1,0,1,2,2,4,50,0,0,0,0,0,0,3,https://www.fiba.basketball/en/events/fiba-womens-asiacup-2025/games/125113-NZL-KOR
125113-NZL-KOR,2,New Zealand,McKenna Dale,TRUE,32:13:00,32.22,11,3,3,3,0,1,1,5,10,50,1,3,33.3,0,0,0,14,https://www.fiba.basketball/en/events/fiba-womens-asiacup-2025/games/125113-NZL-KOR
125113-NZL-KOR,2,New Zealand,Tayla Dalton,FALSE,23:42,23.7,2,4,5,0,0,2,2,0,2,0,0,2,0,2,4,50,5,https://www.fiba.basketball/en/events/fiba-womens-asiacup-2025/games/125113-NZL-KOR
125113-NZL-KOR,2,New Zealand,Olivia Williams,FALSE,0:00,0,0,0,0,0,0,0,0,0,0,0,0,0,0,0,0,0,0,https://www.fiba.basketball/en/events/fiba-womens-asiacup-2025/games/125113-NZL-KOR
125113-NZL-KOR,2,New Zealand,Ritorya Tamilo,TRUE,16:39,16.65,7,8,1,2,0,2,2,3,7,42.9,0,0,0,1,2,50,11,https://www.fiba.basketball/en/events/fiba-womens-asiacup-2025/games/125113-NZL-KOR
125113-NZL-KOR,2,New Zealand,Ella Tofaeono,FALSE,1:11,1.18,0,2,0,0,0,2,0,0,0,0,0,0,0,0,0,0,0,https://www.fiba.basketball/en/events/fiba-womens-asiacup-2025/games/125113-NZL-KOR
125113-NZL-KOR,2,New Zealand,Esra McGoldrick,TRUE,31:57:00,31.95,10,5,4,2,1,1,1,4,12,33.3,0,1,0,2,5,40,10,https://www.fiba.basketball/en/events/fiba-womens-asiacup-2025/games/125113-NZL-KOR
125113-NZL-KOR,2,New Zealand,Ashlee Strawbridge,FALSE,2:59,2.98,1,0,1,0,0,0,0,0,0,0,0,0,0,1,2,50,1,https://www.fiba.basketball/en/events/fiba-womens-asiacup-2025/games/125113-NZL-KOR
125113-NZL-KOR,2,New Zealand,Rebecca Kathleen Pizzey,FALSE,22:25,22.42,11,4,2,1,1,1,0,5,6,83.3,0,0,0,1,2,50,16,https://www.fiba.basketball/en/events/fiba-womens-asiacup-2025/games/125113-NZL-KOR
125113-NZL-KOR,2,New Zealand,Pahlyss Hokianga,TRUE,18:23,18.38,5,2,5,2,0,2,1,2,5,40,1,2,50,0,0,0,9,https://www.fiba.basketball/en/events/fiba-womens-asiacup-2025/games/125113-NZL-KOR
125113-NZL-KOR,2,New Zealand,Bailey Flavell,FALSE,12:16,12.27,3,1,1,0,0,3,1,1,1,100,0,0,0,1,2,50,1,https://www.fiba.basketball/en/events/fiba-womens-asiacup-2025/games/125113-NZL-KOR
125113-NZL-KOR,2,New Zealand,Emilia Shearer,TRUE,30:17:00,30.28,22,4,3,0,1,1,2,8,17,47.1,2,5,40,4,4,100,20,https://www.fiba.basketball/en/events/fiba-womens-asiacup-2025/games/125113-NZL-KOR
125113-NZL-KOR,2,Korea,Heji An,TRUE,24:00:00,24,2,1,3,0,0,1,1,1,3,33.3,0,1,0,0,0,0,3,https://www.fiba.basketball/en/events/fiba-womens-asiacup-2025/games/125113-NZL-KOR
125113-NZL-KOR,2,Korea,Jihyun Shin,FALSE,6:35,6.58,0,1,0,0,0,1,0,0,3,0,0,2,0,0,0,0,-3,https://www.fiba.basketball/en/events/fiba-womens-asiacup-2025/games/125113-NZL-KOR
125113-NZL-KOR,2,Korea,Leeseul Kang,TRUE,25:40:00,25.67,19,5,3,0,0,1,3,6,14,42.9,6,13,46.2,1,2,50,17,https://www.fiba.basketball/en/events/fiba-womens-asiacup-2025/games/125113-NZL-KOR
125113-NZL-KOR,2,Korea,Yeeun Heo,FALSE,14:29,14.48,0,2,7,1,0,1,4,0,2,0,0,2,0,0,0,0,7,https://www.fiba.basketball/en/events/fiba-womens-asiacup-2025/games/125113-NZL-KOR
125113-NZL-KOR,2,Korea,Isaem Choi,TRUE,30:03:00,30.05,23,6,0,0,0,1,1,9,14,64.3,5,9,55.6,0,0,0,23,https://www.fiba.basketball/en/events/fiba-womens-asiacup-2025/games/125113-NZL-KOR
125113-NZL-KOR,2,Korea,Jisu Park,TRUE,19:16,19.27,8,6,4,1,4,5,4,3,10,30,0,1,0,2,2,100,11,https://www.fiba.basketball/en/events/fiba-womens-asiacup-2025/games/125113-NZL-KOR
125113-NZL-KOR,2,Korea,Juyeon Lee,FALSE,1:31,1.52,0,0,0,0,0,1,0,0,0,0,0,0,0,0,0,0,-1,https://www.fiba.basketball/en/events/fiba-womens-asiacup-2025/games/125113-NZL-KOR
125113-NZL-KOR,2,Korea,Jihyun Park,TRUE,30:36:00,30.6,20,7,3,4,0,2,3,8,12,66.7,2,4,50,2,4,50,26,https://www.fiba.basketball/en/events/fiba-womens-asiacup-2025/games/125113-NZL-KOR
125113-NZL-KOR,2,Korea,Yoolim Kang,FALSE,3:49,3.82,0,0,0,0,1,0,0,0,1,0,0,1,0,0,0,0,0,https://www.fiba.basketball/en/events/fiba-womens-asiacup-2025/games/125113-NZL-KOR
125113-NZL-KOR,2,Korea,Haeran Lee,FALSE,11:24,11.4,0,2,0,0,0,2,2,0,2,0,0,1,0,0,0,0,-2,https://www.fiba.basketball/en/events/fiba-womens-asiacup-2025/games/125113-NZL-KOR
125113-NZL-KOR,2,Korea,Myung Kuwan Lee,FALSE,13:21,13.35,2,1,0,1,0,0,1,1,6,16.7,0,3,0,0,0,0,-1,https://www.fiba.basketball/en/events/fiba-womens-asiacup-2025/games/125113-NZL-KOR
125113-NZL-KOR,2,Korea,Yusun HONG,FALSE,19:16,19.27,4,2,3,1,0,0,1,2,4,50,0,0,0,0,0,0,8,https://www.fiba.basketball/en/events/fiba-womens-asiacup-2025/games/125113-NZL-KOR
125114-KOR-CHN,3,Korea,Yusun HONG,FALSE,11:29,11.48,3,0,1,0,0,1,2,1,3,33.3,0,1,0,1,2,50,0,https://www.fiba.basketball/en/events/fiba-womens-asiacup-2025/games/125114-KOR-CHN
125114-KOR-CHN,3,Korea,Myung Kuwan Lee,FALSE,16:23,16.38,0,2,2,2,0,0,2,0,6,0,0,4,0,0,0,0,0,https://www.fiba.basketball/en/events/fiba-womens-asiacup-2025/games/125114-KOR-CHN
125114-KOR-CHN,3,Korea,Haeran Lee,FALSE,15:08,15.13,0,3,0,1,0,2,0,0,2,0,0,0,0,0,0,0,0,https://www.fiba.basketball/en/events/fiba-womens-asiacup-2025/games/125114-KOR-CHN
125114-KOR-CHN,3,Korea,Yoolim Kang,TRUE,15:50,15.83,10,0,1,0,0,0,4,3,3,100,2,2,100,2,3,66.7,10,https://www.fiba.basketball/en/events/fiba-womens-asiacup-2025/games/125114-KOR-CHN
125114-KOR-CHN,3,Korea,Jihyun Park,TRUE,30:00:00,30,10,2,2,2,0,1,1,5,13,38.5,0,4,0,0,0,0,7,https://www.fiba.basketball/en/events/fiba-womens-asiacup-2025/games/125114-KOR-CHN
125114-KOR-CHN,3,Korea,Juyeon Lee,FALSE,6:43,6.72,2,0,0,0,1,0,2,1,3,33.3,0,0,0,0,0,0,1,https://www.fiba.basketball/en/events/fiba-womens-asiacup-2025/games/125114-KOR-CHN
125114-KOR-CHN,3,Korea,Jisu Park,TRUE,19:35,19.58,8,4,2,3,0,2,2,4,12,33.3,0,1,0,0,0,0,7,https://www.fiba.basketball/en/events/fiba-womens-asiacup-2025/games/125114-KOR-CHN
125114-KOR-CHN,3,Korea,Isaem Choi,TRUE,29:03:00,29.05,16,7,1,1,0,0,2,6,15,40,4,7,57.1,0,0,0,16,https://www.fiba.basketball/en/events/fiba-womens-asiacup-2025/games/125114-KOR-CHN
125114-KOR-CHN,3,Korea,Yeeun Heo,FALSE,13:21,13.35,0,2,5,0,0,1,1,0,5,0,0,3,0,0,0,0,1,https://www.fiba.basketball/en/events/fiba-womens-asiacup-2025/games/125114-KOR-CHN
125114-KOR-CHN,3,Korea,Leeseul Kang,FALSE,0:00,0,0,0,0,0,0,0,0,0,0,0,0,0,0,0,0,0,0,https://www.fiba.basketball/en/events/fiba-womens-asiacup-2025/games/125114-KOR-CHN
125114-KOR-CHN,3,Korea,Heji An,TRUE,23:53,23.88,15,5,6,1,0,3,2,5,7,71.4,3,4,75,2,4,50,20,https://www.fiba.basketball/en/events/fiba-womens-asiacup-2025/games/125114-KOR-CHN
125114-KOR-CHN,3,Korea,Jihyun Shin,FALSE,18:35,18.58,5,0,3,0,0,0,2,2,9,22.2,1,5,20,0,0,0,1,https://www.fiba.basketball/en/events/fiba-womens-asiacup-2025/games/125114-KOR-CHN
125114-KOR-CHN,3,China,Saiqi Jia,FALSE,7:02,7.03,4,2,0,0,0,1,1,2,2,100,0,0,0,0,0,0,5,https://www.fiba.basketball/en/events/fiba-womens-asiacup-2025/games/125114-KOR-CHN
125114-KOR-CHN,3,China,Ruoyun Zhai,FALSE,14:09,14.15,3,1,1,0,0,1,0,1,1,100,1,1,100,0,0,0,4,https://www.fiba.basketball/en/events/fiba-womens-asiacup-2025/games/125114-KOR-CHN
125114-KOR-CHN,3,China,ZIYU ZHANG,FALSE,14:24,14.4,18,4,0,0,0,1,0,8,8,100,0,0,0,2,2,100,21,https://www.fiba.basketball/en/events/fiba-womens-asiacup-2025/games/125114-KOR-CHN
125114-KOR-CHN,3,China,Xinyu Luo,TRUE,17:31,17.52,2,4,2,1,0,1,1,1,6,16.7,0,4,0,0,0,0,3,https://www.fiba.basketball/en/events/fiba-womens-asiacup-2025/games/125114-KOR-CHN
125114-KOR-CHN,3,China,Xu Han,TRUE,23:04,23.07,18,12,1,1,2,1,0,7,13,53.8,0,2,0,4,5,80,26,https://www.fiba.basketball/en/events/fiba-womens-asiacup-2025/games/125114-KOR-CHN
125114-KOR-CHN,3,China,Zhenqi Pan,FALSE,3:00,3,1,2,0,0,0,0,0,0,0,0,0,0,0,1,2,50,2,https://www.fiba.basketball/en/events/fiba-womens-asiacup-2025/games/125114-KOR-CHN
125114-KOR-CHN,3,China,Sijing Huang,FALSE,11:34,11.57,6,2,3,0,0,2,4,1,1,100,1,1,100,3,4,75,8,https://www.fiba.basketball/en/events/fiba-womens-asiacup-2025/games/125114-KOR-CHN
125114-KOR-CHN,3,China,Ru Zhang,TRUE,19:12,19.2,10,5,2,0,0,4,4,5,8,62.5,0,0,0,0,0,0,10,https://www.fiba.basketball/en/events/fiba-womens-asiacup-2025/games/125114-KOR-CHN
125114-KOR-CHN,3,China,Liwei Yang,FALSE,27:15:00,27.25,11,4,8,1,0,1,1,5,14,35.7,1,6,16.7,0,1,0,13,https://www.fiba.basketball/en/events/fiba-womens-asiacup-2025/games/125114-KOR-CHN
125114-KOR-CHN,3,China,Shuyu Yang,TRUE,34:48:00,34.8,9,9,5,2,1,3,2,4,11,36.4,1,6,16.7,0,0,0,16,https://www.fiba.basketball/en/events/fiba-womens-asiacup-2025/games/125114-KOR-CHN
125114-KOR-CHN,3,China,Yuan Li,TRUE,15:49,15.82,0,0,2,0,0,1,2,0,2,0,0,0,0,0,0,0,-1,https://www.fiba.basketball/en/events/fiba-womens-asiacup-2025/games/125114-KOR-CHN
125114-KOR-CHN,3,China,Siyu Wang,FALSE,12:12,12.2,9,3,8,0,0,0,0,3,4,75,0,1,0,3,3,100,19,https://www.fiba.basketball/en/events/fiba-womens-asiacup-2025/games/125114-KOR-CHN
125115-CHN-INA,4,China,Saiqi Jia,FALSE,8:35,8.58,3,2,1,2,0,1,3,1,2,50,1,1,100,0,0,0,6,https://www.fiba.basketball/en/events/fiba-womens-asiacup-2025/games/125115-CHN-INA
125115-CHN-INA,4,China,Ruoyun Zhai,FALSE,23:44,23.73,12,4,3,2,0,1,0,4,8,50,4,7,57.1,0,0,0,16,https://www.fiba.basketball/en/events/fiba-womens-asiacup-2025/games/125115-CHN-INA
125115-CHN-INA,4,China,ZIYU ZHANG,FALSE,11:36,11.6,13,4,2,0,1,4,2,5,7,71.4,0,0,0,3,4,75,13,https://www.fiba.basketball/en/events/fiba-womens-asiacup-2025/games/125115-CHN-INA
125115-CHN-INA,4,China,Xinyu Luo,TRUE,19:33,19.55,13,6,4,2,0,1,1,3,7,42.9,2,5,40,5,6,83.3,19,https://www.fiba.basketball/en/events/fiba-womens-asiacup-2025/games/125115-CHN-INA
125115-CHN-INA,4,China,Xu Han,TRUE,17:06,17.1,12,5,2,0,1,1,0,5,7,71.4,1,1,100,1,2,50,16,https://www.fiba.basketball/en/events/fiba-womens-asiacup-2025/games/125115-CHN-INA
125115-CHN-INA,4,China,Zhenqi Pan,FALSE,13:38,13.63,11,2,3,0,0,1,4,4,4,100,0,0,0,3,5,60,13,https://www.fiba.basketball/en/events/fiba-womens-asiacup-2025/games/125115-CHN-INA
125115-CHN-INA,4,China,Sijing Huang,FALSE,14:53,14.88,5,4,0,0,1,0,0,1,3,33.3,1,2,50,2,2,100,8,https://www.fiba.basketball/en/events/fiba-womens-asiacup-2025/games/125115-CHN-INA
125115-CHN-INA,4,China,Ru Zhang,TRUE,22:47,22.78,9,0,4,4,0,0,2,3,3,100,1,1,100,2,2,100,17,https://www.fiba.basketball/en/events/fiba-womens-asiacup-2025/games/125115-CHN-INA
125115-CHN-INA,4,China,Liwei Yang,FALSE,18:47,18.78,13,2,3,1,0,1,2,5,6,83.3,3,4,75,0,0,0,17,https://www.fiba.basketball/en/events/fiba-womens-asiacup-2025/games/125115-CHN-INA
125115-CHN-INA,4,China,Shuyu Yang,TRUE,22:49,22.82,12,2,4,3,0,2,3,4,5,80,1,2,50,3,7,42.9,14,https://www.fiba.basketball/en/events/fiba-womens-asiacup-2025/games/125115-CHN-INA
125115-CHN-INA,4,China,Yuan Li,TRUE,14:35,14.58,1,0,4,2,0,0,1,0,3,0,0,2,0,1,2,50,3,https://www.fiba.basketball/en/events/fiba-womens-asiacup-2025/games/125115-CHN-INA
125115-CHN-INA,4,China,Siyu Wang,FALSE,11:57,11.95,6,0,2,2,0,0,0,1,4,25,0,1,0,4,5,80,6,https://www.fiba.basketball/en/events/fiba-womens-asiacup-2025/games/125115-CHN-INA
125115-CHN-INA,4,Indonesia,Angelica Jennifer Candra,FALSE,16:40,16.67,3,3,0,0,0,1,1,1,3,33.3,0,0,0,1,2,50,2,https://www.fiba.basketball/en/events/fiba-womens-asiacup-2025/games/125115-CHN-INA
125115-CHN-INA,4,Indonesia,Clarita Antonio,FALSE,18:35,18.58,6,3,2,2,0,4,1,2,5,40,2,3,66.7,0,0,0,6,https://www.fiba.basketball/en/events/fiba-womens-asiacup-2025/games/125115-CHN-INA
125115-CHN-INA,4,Indonesia,Kim Pierre-Louis,TRUE,23:20,23.33,16,6,0,1,0,2,1,6,14,42.9,0,0,0,4,5,80,12,https://www.fiba.basketball/en/events/fiba-womens-asiacup-2025/games/125115-CHN-INA
125115-CHN-INA,4,Indonesia,Bella Alana Hasan,FALSE,11:18,11.3,5,2,1,0,0,1,3,2,3,66.7,0,1,0,1,2,50,5,https://www.fiba.basketball/en/events/fiba-womens-asiacup-2025/games/125115-CHN-INA
125115-CHN-INA,4,Indonesia,Nathania Claresta Orville,TRUE,23:45,23.75,2,1,1,1,0,1,1,1,5,20,0,1,0,0,0,0,0,https://www.fiba.basketball/en/events/fiba-womens-asiacup-2025/games/125115-CHN-INA
125115-CHN-INA,4,Indonesia,Jesslyn Angelique Aritonang,FALSE,9:32,9.53,0,2,0,0,1,4,2,0,3,0,0,2,0,0,0,0,-4,https://www.fiba.basketball/en/events/fiba-womens-asiacup-2025/games/125115-CHN-INA
125115-CHN-INA,4,Indonesia,Yuni Anggraeni,FALSE,10:07,10.12,4,4,0,0,0,1,3,2,5,40,0,0,0,0,0,0,4,https://www.fiba.basketball/en/events/fiba-womens-asiacup-2025/games/125115-CHN-INA
125115-CHN-INA,4,Indonesia,Adelaide Callista Wongsohardjo,TRUE,21:03,21.05,0,1,1,0,0,3,4,0,2,0,0,1,0,0,0,0,-3,https://www.fiba.basketball/en/events/fiba-womens-asiacup-2025/games/125115-CHN-INA
125115-CHN-INA,4,Indonesia,Faizzatus Shoimah,TRUE,16:39,16.65,6,1,1,0,0,1,3,2,4,50,2,4,50,0,0,0,5,https://www.fiba.basketball/en/events/fiba-womens-asiacup-2025/games/125115-CHN-INA
125115-CHN-INA,4,Indonesia,Priscilla Annabel Karen,TRUE,14:58,14.97,6,0,2,1,1,2,1,2,6,33.3,0,2,0,2,2,100,4,https://www.fiba.basketball/en/events/fiba-womens-asiacup-2025/games/125115-CHN-INA
125115-CHN-INA,4,Indonesia,Dewa Ayu Made Sriartha Kusuma,FALSE,14:55,14.92,5,2,0,1,0,1,2,2,3,66.7,0,0,0,1,1,100,6,https://www.fiba.basketball/en/events/fiba-womens-asiacup-2025/games/125115-CHN-INA
125115-CHN-INA,4,Indonesia,Agustin Elya Gradita Retong,FALSE,19:08,19.13,6,2,5,0,0,2,3,3,7,42.9,0,3,0,0,0,0,7,https://www.fiba.basketball/en/events/fiba-womens-asiacup-2025/games/125115-CHN-INA
125116-INA-NZL,5,Indonesia,Angelica Jennifer Candra,FALSE,19:53,19.88,3,4,0,1,0,3,3,1,5,20,0,0,0,1,2,50,0,https://www.fiba.basketball/en/events/fiba-womens-asiacup-2025/games/125116-INA-NZL
125116-INA-NZL,5,Indonesia,Clarita Antonio,FALSE,14:30,14.5,6,2,0,0,0,2,1,2,11,18.2,2,8,25,0,0,0,-3,https://www.fiba.basketball/en/events/fiba-womens-asiacup-2025/games/125116-INA-NZL
125116-INA-NZL,5,Indonesia,Kim Pierre-Louis,TRUE,20:07,20.12,11,4,0,1,1,2,2,3,9,33.3,0,1,0,5,6,83.3,8,https://www.fiba.basketball/en/events/fiba-womens-asiacup-2025/games/125116-INA-NZL
125116-INA-NZL,5,Indonesia,Bella Alana Hasan,FALSE,14:35,14.58,3,1,1,0,0,1,2,0,4,0,0,0,0,3,4,75,-1,https://www.fiba.basketball/en/events/fiba-womens-asiacup-2025/games/125116-INA-NZL
125116-INA-NZL,5,Indonesia,Nathania Claresta Orville,TRUE,14:33,14.55,0,3,1,1,0,2,0,0,8,0,0,2,0,0,0,0,-5,https://www.fiba.basketball/en/events/fiba-womens-asiacup-2025/games/125116-INA-NZL
125116-INA-NZL,5,Indonesia,Jesslyn Angelique Aritonang,FALSE,14:04,14.07,2,1,0,0,0,1,0,0,4,0,0,3,0,2,2,100,-2,https://www.fiba.basketball/en/events/fiba-womens-asiacup-2025/games/125116-INA-NZL
125116-INA-NZL,5,Indonesia,Yuni Anggraeni,FALSE,5:43,5.72,0,0,0,0,0,0,2,0,1,0,0,0,0,0,0,0,-1,https://www.fiba.basketball/en/events/fiba-womens-asiacup-2025/games/125116-INA-NZL
125116-INA-NZL,5,Indonesia,Adelaide Callista Wongsohardjo,TRUE,19:04,19.07,6,2,2,1,0,3,1,3,5,60,0,2,0,0,0,0,6,https://www.fiba.basketball/en/events/fiba-womens-asiacup-2025/games/125116-INA-NZL
125116-INA-NZL,5,Indonesia,Faizzatus Shoimah,TRUE,21:58,21.97,2,1,2,1,0,0,2,1,9,11.1,0,4,0,0,0,0,-2,https://www.fiba.basketball/en/events/fiba-womens-asiacup-2025/games/125116-INA-NZL
125116-INA-NZL,5,Indonesia,Priscilla Annabel Karen,TRUE,16:40,16.67,5,0,0,2,0,1,1,2,8,25,1,3,33.3,0,0,0,0,https://www.fiba.basketball/en/events/fiba-womens-asiacup-2025/games/125116-INA-NZL
125116-INA-NZL,5,Indonesia,Dewa Ayu Made Sriartha Kusuma,FALSE,13:37,13.62,4,7,0,0,0,0,3,2,4,50,0,0,0,0,0,0,9,https://www.fiba.basketball/en/events/fiba-womens-asiacup-2025/games/125116-INA-NZL
125116-INA-NZL,5,Indonesia,Agustin Elya Gradita Retong,FALSE,25:16:00,25.27,3,2,4,3,0,1,1,1,3,33.3,1,2,50,0,0,0,9,https://www.fiba.basketball/en/events/fiba-womens-asiacup-2025/games/125116-INA-NZL
125116-INA-NZL,5,New Zealand,Charlotte Whittaker,FALSE,17:38,17.63,8,3,0,0,1,0,2,3,7,42.9,2,2,100,0,0,0,8,https://www.fiba.basketball/en/events/fiba-womens-asiacup-2025/games/125116-INA-NZL
125116-INA-NZL,5,New Zealand,McKenna Dale,TRUE,23:07,23.12,6,4,4,2,2,2,4,2,10,20,2,8,25,0,0,0,8,https://www.fiba.basketball/en/events/fiba-womens-asiacup-2025/games/125116-INA-NZL
125116-INA-NZL,5,New Zealand,Tayla Dalton,FALSE,22:49,22.82,3,3,2,1,0,2,1,1,4,25,1,2,50,0,0,0,4,https://www.fiba.basketball/en/events/fiba-womens-asiacup-2025/games/125116-INA-NZL
125116-INA-NZL,5,New Zealand,Olivia Williams,FALSE,10:06,10.1,6,1,1,1,0,1,0,2,3,66.7,2,2,100,0,0,0,7,https://www.fiba.basketball/en/events/fiba-womens-asiacup-2025/games/125116-INA-NZL
125116-INA-NZL,5,New Zealand,Ritorya Tamilo,TRUE,7:50,7.83,0,8,0,0,0,4,0,0,2,0,0,0,0,0,2,0,0,https://www.fiba.basketball/en/events/fiba-womens-asiacup-2025/games/125116-INA-NZL
125116-INA-NZL,5,New Zealand,Ella Tofaeono,FALSE,6:26,6.43,2,2,1,0,1,0,3,1,1,100,0,0,0,0,0,0,6,https://www.fiba.basketball/en/events/fiba-womens-asiacup-2025/games/125116-INA-NZL
125116-INA-NZL,5,New Zealand,Esra McGoldrick,TRUE,22:29,22.48,18,6,3,3,2,6,2,6,12,50,3,6,50,3,5,60,18,https://www.fiba.basketball/en/events/fiba-womens-asiacup-2025/games/125116-INA-NZL
125116-INA-NZL,5,New Zealand,Ashlee Strawbridge,FALSE,5:46,5.77,3,1,3,1,1,0,2,1,1,100,1,1,100,0,0,0,9,https://www.fiba.basketball/en/events/fiba-womens-asiacup-2025/games/125116-INA-NZL
125116-INA-NZL,5,New Zealand,Rebecca Kathleen Pizzey,FALSE,23:53,23.88,12,13,1,2,0,2,1,5,7,71.4,1,1,100,1,4,25,21,https://www.fiba.basketball/en/events/fiba-womens-asiacup-2025/games/125116-INA-NZL
125116-INA-NZL,5,New Zealand,Pahlyss Hokianga,TRUE,19:50,19.83,6,5,3,1,0,2,2,2,7,28.6,2,4,50,0,0,0,8,https://www.fiba.basketball/en/events/fiba-womens-asiacup-2025/games/125116-INA-NZL
125116-INA-NZL,5,New Zealand,Bailey Flavell,FALSE,14:25,14.42,3,1,2,0,0,2,0,1,4,25,0,1,0,1,2,50,0,https://www.fiba.basketball/en/events/fiba-womens-asiacup-2025/games/125116-INA-NZL
125116-INA-NZL,5,New Zealand,Emilia Shearer,TRUE,25:41:00,25.68,8,7,3,0,0,3,2,2,6,33.3,1,1,100,3,4,75,10,https://www.fiba.basketball/en/events/fiba-womens-asiacup-2025/games/125116-INA-NZL
125117-KOR-INA,6,Korea,Yusun HONG,FALSE,23:39,23.65,9,1,3,1,1,1,4,3,4,75,1,1,100,2,2,100,13,https://www.fiba.basketball/en/events/fiba-womens-asiacup-2025/games/125117-KOR-INA
125117-KOR-INA,6,Korea,Myung Kuwan Lee,FALSE,13:18,13.3,6,1,1,0,0,0,1,2,5,40,2,4,50,0,0,0,5,https://www.fiba.basketball/en/events/fiba-womens-asiacup-2025/games/125117-KOR-INA
125117-KOR-INA,6,Korea,Haeran Lee,FALSE,25:03:00,25.05,8,8,1,2,0,0,2,2,8,25,0,5,0,4,5,80,12,https://www.fiba.basketball/en/events/fiba-womens-asiacup-2025/games/125117-KOR-INA
125117-KOR-INA,6,Korea,Yoolim Kang,FALSE,20:19,20.32,11,3,3,0,0,1,0,3,8,37.5,3,8,37.5,2,3,66.7,10,https://www.fiba.basketball/en/events/fiba-womens-asiacup-2025/games/125117-KOR-INA
125117-KOR-INA,6,Korea,Jihyun Park,TRUE,25:04:00,25.07,18,5,7,3,0,4,3,6,10,60,3,5,60,3,3,100,25,https://www.fiba.basketball/en/events/fiba-womens-asiacup-2025/games/125117-KOR-INA
125117-KOR-INA,6,Korea,Juyeon Lee,FALSE,11:29,11.48,8,1,2,1,0,0,0,3,4,75,2,2,100,0,0,0,11,https://www.fiba.basketball/en/events/fiba-womens-asiacup-2025/games/125117-KOR-INA
125117-KOR-INA,6,Korea,Jisu Park,TRUE,7:41,7.68,6,2,3,0,0,0,2,3,4,75,0,0,0,0,1,0,9,https://www.fiba.basketball/en/events/fiba-womens-asiacup-2025/games/125117-KOR-INA
125117-KOR-INA,6,Korea,Isaem Choi,TRUE,17:53,17.88,7,3,1,0,0,3,1,3,4,75,1,2,50,0,0,0,7,https://www.fiba.basketball/en/events/fiba-womens-asiacup-2025/games/125117-KOR-INA
125117-KOR-INA,6,Korea,Yeeun Heo,FALSE,17:27,17.45,5,2,7,1,0,0,4,2,5,40,1,4,25,0,0,0,12,https://www.fiba.basketball/en/events/fiba-womens-asiacup-2025/games/125117-KOR-INA
125117-KOR-INA,6,Korea,Leeseul Kang,FALSE,0:00,0,0,0,0,0,0,0,0,0,0,0,0,0,0,0,0,0,0,https://www.fiba.basketball/en/events/fiba-womens-asiacup-2025/games/125117-KOR-INA
125117-KOR-INA,6,Korea,Heji An,TRUE,15:56,15.93,2,0,6,0,0,0,1,0,1,0,0,0,0,2,2,100,7,https://www.fiba.basketball/en/events/fiba-womens-asiacup-2025/games/125117-KOR-INA
125117-KOR-INA,6,Korea,Jihyun Shin,TRUE,22:11,22.18,15,1,2,0,1,0,3,5,10,50,3,7,42.9,2,2,100,14,https://www.fiba.basketball/en/events/fiba-womens-asiacup-2025/games/125117-KOR-INA
125117-KOR-INA,6,Indonesia,Angelica Jennifer Candra,FALSE,12:13,12.22,9,4,0,0,0,0,1,4,8,50,0,0,0,1,2,50,8,https://www.fiba.basketball/en/events/fiba-womens-asiacup-2025/games/125117-KOR-INA
125117-KOR-INA,6,Indonesia,Clarita Antonio,FALSE,18:24,18.4,9,2,1,0,0,3,0,3,7,42.9,2,4,50,1,3,33.3,3,https://www.fiba.basketball/en/events/fiba-womens-asiacup-2025/games/125117-KOR-INA
125117-KOR-INA,6,Indonesia,Kim Pierre-Louis,TRUE,20:51,20.85,16,7,0,0,0,0,3,5,11,45.5,0,1,0,6,8,75,15,https://www.fiba.basketball/en/events/fiba-womens-asiacup-2025/games/125117-KOR-INA
125117-KOR-INA,6,Indonesia,Bella Alana Hasan,FALSE,15:17,15.28,2,3,3,0,0,1,0,0,2,0,0,0,0,2,2,100,5,https://www.fiba.basketball/en/events/fiba-womens-asiacup-2025/games/125117-KOR-INA
125117-KOR-INA,6,Indonesia,Nathania Claresta Orville,FALSE,14:01,14.02,2,2,0,0,0,2,0,1,5,20,0,3,0,0,0,0,-2,https://www.fiba.basketball/en/events/fiba-womens-asiacup-2025/games/125117-KOR-INA
125117-KOR-INA,6,Indonesia,Jesslyn Angelique Aritonang,FALSE,17:48,17.8,0,2,1,0,0,3,0,0,4,0,0,1,0,0,0,0,-4,https://www.fiba.basketball/en/events/fiba-womens-asiacup-2025/games/125117-KOR-INA
125117-KOR-INA,6,Indonesia,Yuni Anggraeni,FALSE,5:30,5.5,0,0,1,0,0,0,0,0,0,0,0,0,0,0,0,0,1,https://www.fiba.basketball/en/events/fiba-womens-asiacup-2025/games/125117-KOR-INA
125117-KOR-INA,6,Indonesia,Adelaide Callista Wongsohardjo,TRUE,15:32,15.53,2,0,3,0,0,2,3,1,2,50,0,1,0,0,0,0,2,https://www.fiba.basketball/en/events/fiba-womens-asiacup-2025/games/125117-KOR-INA
125117-KOR-INA,6,Indonesia,Faizzatus Shoimah,TRUE,21:36,21.6,11,2,1,0,0,0,1,4,7,57.1,3,6,50,0,0,0,11,https://www.fiba.basketball/en/events/fiba-womens-asiacup-2025/games/125117-KOR-INA
125117-KOR-INA,6,Indonesia,Priscilla Annabel Karen,TRUE,16:49,16.82,4,2,2,1,0,1,3,1,5,20,0,1,0,2,2,100,4,https://www.fiba.basketball/en/events/fiba-womens-asiacup-2025/games/125117-KOR-INA
125117-KOR-INA,6,Indonesia,Dewa Ayu Made Sriartha Kusuma,FALSE,19:17,19.28,2,6,3,1,0,1,1,0,2,0,0,0,0,2,4,50,7,https://www.fiba.basketball/en/events/fiba-womens-asiacup-2025/games/125117-KOR-INA
125117-KOR-INA,6,Indonesia,Agustin Elya Gradita Retong,TRUE,22:42,22.7,5,2,2,1,0,2,1,1,3,33.3,0,0,0,3,5,60,4,https://www.fiba.basketball/en/events/fiba-womens-asiacup-2025/games/125117-KOR-INA
125118-JPN-AUS,7,Japan,Monica Okoye,FALSE,6:31,6.52,2,0,0,0,0,0,0,1,2,50,0,0,0,0,0,0,1,https://www.fiba.basketball/en/events/fiba-womens-asiacup-2025/games/125118-JPN-AUS
125118-JPN-AUS,7,Japan,Miwa Kuribayashi,FALSE,5:31,5.52,0,0,0,0,0,2,3,0,0,0,0,0,0,0,0,0,-2,https://www.fiba.basketball/en/events/fiba-womens-asiacup-2025/games/125118-JPN-AUS
125118-JPN-AUS,7,Japan,Nanako Todo,FALSE,16:53,16.88,3,2,2,0,0,0,0,1,8,12.5,1,5,20,0,0,0,0,https://www.fiba.basketball/en/events/fiba-womens-asiacup-2025/games/125118-JPN-AUS
125118-JPN-AUS,7,Japan,Anri Hoshi,FALSE,6:33,6.55,6,0,0,0,1,0,1,2,4,50,1,3,33.3,1,1,100,5,https://www.fiba.basketball/en/events/fiba-womens-asiacup-2025/games/125118-JPN-AUS
125118-JPN-AUS,7,Japan,Yuki Miyazawa,FALSE,22:48,22.8,4,3,2,1,0,1,5,2,3,66.7,0,1,0,0,0,0,8,https://www.fiba.basketball/en/events/fiba-womens-asiacup-2025/games/125118-JPN-AUS
125118-JPN-AUS,7,Japan,Minami Yabu,FALSE,16:37,16.62,4,3,0,1,0,0,1,1,3,33.3,1,3,33.3,1,2,50,5,https://www.fiba.basketball/en/events/fiba-womens-asiacup-2025/games/125118-JPN-AUS
125118-JPN-AUS,7,Japan,Kokoro Tanaka,TRUE,24:20:00,24.33,10,2,5,1,0,6,0,4,10,40,2,3,66.7,0,0,0,6,https://www.fiba.basketball/en/events/fiba-womens-asiacup-2025/games/125118-JPN-AUS
125118-JPN-AUS,7,Japan,Ramu Tokashiki,TRUE,21:15,21.25,8,2,1,1,2,1,2,2,3,66.7,2,3,66.7,2,2,100,12,https://www.fiba.basketball/en/events/fiba-womens-asiacup-2025/games/125118-JPN-AUS
125118-JPN-AUS,7,Japan,Maki Takada,TRUE,23:55,23.92,6,6,1,0,0,0,3,2,6,33.3,2,4,50,0,0,0,9,https://www.fiba.basketball/en/events/fiba-womens-asiacup-2025/games/125118-JPN-AUS
125118-JPN-AUS,7,Japan,Mai Kawai,FALSE,8:38,8.63,0,2,3,1,0,2,1,0,3,0,0,2,0,0,0,0,1,https://www.fiba.basketball/en/events/fiba-womens-asiacup-2025/games/125118-JPN-AUS
125118-JPN-AUS,7,Japan,Stephanie Mawuli,TRUE,28:00:00,28,19,2,0,1,0,1,3,6,11,54.5,1,4,25,6,7,85.7,15,https://www.fiba.basketball/en/events/fiba-womens-asiacup-2025/games/125118-JPN-AUS
125118-JPN-AUS,7,Japan,Norika Konno,TRUE,18:59,18.98,5,6,2,1,0,1,2,2,5,40,1,2,50,0,0,0,10,https://www.fiba.basketball/en/events/fiba-womens-asiacup-2025/games/125118-JPN-AUS
125118-JPN-AUS,7,Australia,Chloe Bibby,FALSE,9:51,9.85,0,5,1,1,0,0,1,0,3,0,0,2,0,0,0,0,4,https://www.fiba.basketball/en/events/fiba-womens-asiacup-2025/games/125118-JPN-AUS
125118-JPN-AUS,7,Australia,Alex Brooke Wilson,FALSE,0:00,0,0,0,0,0,0,0,0,0,0,0,0,0,0,0,0,0,0,https://www.fiba.basketball/en/events/fiba-womens-asiacup-2025/games/125118-JPN-AUS
125118-JPN-AUS,7,Australia,Isabelle Bourne,FALSE,10:27,10.45,2,4,0,0,1,1,0,1,4,25,0,1,0,0,0,0,3,https://www.fiba.basketball/en/events/fiba-womens-asiacup-2025/games/125118-JPN-AUS
125118-JPN-AUS,7,Australia,Alexandra Fowler,TRUE,27:31:00,27.52,11,5,2,1,0,1,2,5,11,45.5,1,3,33.3,0,0,0,12,https://www.fiba.basketball/en/events/fiba-womens-asiacup-2025/games/125118-JPN-AUS
125118-JPN-AUS,7,Australia,Zitina Lusia Aokuso,FALSE,20:33,20.55,14,8,3,1,1,2,1,4,6,66.7,0,0,0,6,8,75,21,https://www.fiba.basketball/en/events/fiba-womens-asiacup-2025/games/125118-JPN-AUS
125118-JPN-AUS,7,Australia,Isobel Borlase,TRUE,16:37,16.62,7,3,3,1,0,2,0,3,7,42.9,1,1,100,0,0,0,8,https://www.fiba.basketball/en/events/fiba-womens-asiacup-2025/games/125118-JPN-AUS
125118-JPN-AUS,7,Australia,Sara Blicavs,TRUE,23:24,23.4,13,4,0,1,0,0,0,4,11,36.4,1,4,25,4,5,80,10,https://www.fiba.basketball/en/events/fiba-womens-asiacup-2025/games/125118-JPN-AUS
125118-JPN-AUS,7,Australia,Cayla George,TRUE,18:12,18.2,8,4,1,0,0,1,2,2,8,25,1,5,20,3,4,75,5,https://www.fiba.basketball/en/events/fiba-womens-asiacup-2025/games/125118-JPN-AUS
125118-JPN-AUS,7,Australia,Stephanie Reid,TRUE,32:53:00,32.88,15,2,9,2,0,1,1,6,10,60,1,1,100,2,2,100,23,https://www.fiba.basketball/en/events/fiba-womens-asiacup-2025/games/125118-JPN-AUS
125118-JPN-AUS,7,Australia,Abbey Ellis,FALSE,7:20,7.33,2,0,1,1,0,0,2,0,0,0,0,0,0,2,2,100,4,https://www.fiba.basketball/en/events/fiba-womens-asiacup-2025/games/125118-JPN-AUS
125118-JPN-AUS,7,Australia,Courtney Michelle Woods,FALSE,26:32:00,26.53,3,3,1,0,0,2,3,1,4,25,1,3,33.3,0,0,0,2,https://www.fiba.basketball/en/events/fiba-womens-asiacup-2025/games/125118-JPN-AUS
125118-JPN-AUS,7,Australia,Miela Goodchild,FALSE,6:41,6.68,4,0,0,0,0,0,1,2,3,66.7,0,1,0,0,0,0,3,https://www.fiba.basketball/en/events/fiba-womens-asiacup-2025/games/125118-JPN-AUS
125119-AUS-PHI,8,Australia,Isobel Borlase,TRUE,22:12,22.2,10,3,1,1,0,2,1,4,7,57.1,1,3,33.3,1,4,25,7,https://www.fiba.basketball/en/events/fiba-womens-asiacup-2025/games/125119-AUS-PHI
125119-AUS-PHI,8,Australia,Sara Blicavs,TRUE,18:57,18.95,17,6,1,1,0,2,0,7,13,53.8,1,2,50,2,2,100,17,https://www.fiba.basketball/en/events/fiba-womens-asiacup-2025/games/125119-AUS-PHI
125119-AUS-PHI,8,Australia,Cayla George,TRUE,14:38,14.63,6,10,1,0,0,0,0,3,9,33.3,0,2,0,0,0,0,11,https://www.fiba.basketball/en/events/fiba-womens-asiacup-2025/games/125119-AUS-PHI
125119-AUS-PHI,8,Australia,Stephanie Reid,TRUE,19:03,19.05,5,2,9,2,0,0,3,2,4,50,1,2,50,0,0,0,16,https://www.fiba.basketball/en/events/fiba-womens-asiacup-2025/games/125119-AUS-PHI
125119-AUS-PHI,8,Australia,Abbey Ellis,FALSE,20:57,20.95,8,3,9,2,1,1,1,2,3,66.7,0,1,0,4,4,100,21,https://www.fiba.basketball/en/events/fiba-womens-asiacup-2025/games/125119-AUS-PHI
125119-AUS-PHI,8,Australia,Courtney Michelle Woods,FALSE,18:05,18.08,11,3,3,1,0,3,0,5,6,83.3,1,2,50,0,1,0,13,https://www.fiba.basketball/en/events/fiba-womens-asiacup-2025/games/125119-AUS-PHI
125119-AUS-PHI,8,Australia,Miela Goodchild,FALSE,17:25,17.42,19,1,1,1,1,0,0,7,10,70,3,6,50,2,2,100,20,https://www.fiba.basketball/en/events/fiba-womens-asiacup-2025/games/125119-AUS-PHI
125119-AUS-PHI,8,Australia,Zitina Lusia Aokuso,FALSE,16:02,16.03,4,7,3,1,0,4,1,1,3,33.3,0,0,0,2,2,100,9,https://www.fiba.basketball/en/events/fiba-womens-asiacup-2025/games/125119-AUS-PHI
125119-AUS-PHI,8,Australia,Alexandra Fowler,TRUE,18:01,18.02,11,5,5,0,1,1,1,5,6,83.3,1,1,100,0,0,0,20,https://www.fiba.basketball/en/events/fiba-womens-asiacup-2025/games/125119-AUS-PHI
125119-AUS-PHI,8,Australia,Isabelle Bourne,FALSE,14:46,14.77,8,4,1,1,0,0,2,3,5,60,1,3,33.3,1,1,100,12,https://www.fiba.basketball/en/events/fiba-womens-asiacup-2025/games/125119-AUS-PHI
125119-AUS-PHI,8,Australia,Alex Brooke Wilson,FALSE,0:00,0,0,0,0,0,0,0,0,0,0,0,0,0,0,0,0,0,0,https://www.fiba.basketball/en/events/fiba-womens-asiacup-2025/games/125119-AUS-PHI
125119-AUS-PHI,8,Australia,Chloe Bibby,FALSE,19:54,19.9,16,10,2,0,0,2,0,7,10,70,2,4,50,0,0,0,23,https://www.fiba.basketball/en/events/fiba-womens-asiacup-2025/games/125119-AUS-PHI
125119-AUS-PHI,8,Philippines,Khate Castillo,FALSE,10:19,10.32,6,0,2,0,0,0,1,2,2,100,2,2,100,0,0,0,8,https://www.fiba.basketball/en/events/fiba-womens-asiacup-2025/games/125119-AUS-PHI
125119-AUS-PHI,8,Philippines,Sumayah Sugapong,FALSE,15:12,15.2,2,0,0,1,0,5,1,1,7,14.3,0,4,0,0,0,0,-8,https://www.fiba.basketball/en/events/fiba-womens-asiacup-2025/games/125119-AUS-PHI
125119-AUS-PHI,8,Philippines,Vanessa De Jesus,TRUE,29:56:00,29.93,9,3,1,0,0,4,0,4,7,57.1,1,3,33.3,0,0,0,6,https://www.fiba.basketball/en/events/fiba-womens-asiacup-2025/games/125119-AUS-PHI
125119-AUS-PHI,8,Philippines,Yvette Marie Villanueva,FALSE,2:08,2.13,0,0,0,0,0,0,0,0,0,0,0,0,0,0,0,0,0,https://www.fiba.basketball/en/events/fiba-womens-asiacup-2025/games/125119-AUS-PHI
125119-AUS-PHI,8,Philippines,Ella Fajardo,FALSE,7:51,7.85,0,1,0,0,0,1,1,0,2,0,0,1,0,0,0,0,-2,https://www.fiba.basketball/en/events/fiba-womens-asiacup-2025/games/125119-AUS-PHI
125119-AUS-PHI,8,Philippines,Angelica Surada,FALSE,13:44,13.73,2,2,1,0,0,0,0,1,2,50,0,0,0,0,0,0,4,https://www.fiba.basketball/en/events/fiba-womens-asiacup-2025/games/125119-AUS-PHI
125119-AUS-PHI,8,Philippines,Louna Ozar,TRUE,23:19,23.32,2,1,0,1,0,2,1,1,4,25,0,1,0,0,0,0,-1,https://www.fiba.basketball/en/events/fiba-womens-asiacup-2025/games/125119-AUS-PHI
125119-AUS-PHI,8,Philippines,Jack Animam,TRUE,29:56:00,29.93,2,5,0,2,0,0,1,1,11,9.1,0,0,0,0,2,0,-3,https://www.fiba.basketball/en/events/fiba-womens-asiacup-2025/games/125119-AUS-PHI
125119-AUS-PHI,8,Philippines,Quinn Kacey Dela Rosa,FALSE,16:47,16.78,0,3,0,1,0,2,3,0,3,0,0,0,0,0,2,0,-3,https://www.fiba.basketball/en/events/fiba-womens-asiacup-2025/games/125119-AUS-PHI
125119-AUS-PHI,8,Philippines,Kent Jane Pastrana,TRUE,25:09:00,25.15,8,1,1,0,0,4,3,3,14,21.4,2,8,25,0,0,0,-5,https://www.fiba.basketball/en/events/fiba-womens-asiacup-2025/games/125119-AUS-PHI
125119-AUS-PHI,8,Philippines,Naomi Natalie Panganiban,TRUE,20:25,20.42,8,3,2,0,0,2,2,4,10,40,0,3,0,0,0,0,5,https://www.fiba.basketball/en/events/fiba-womens-asiacup-2025/games/125119-AUS-PHI
125119-AUS-PHI,8,Philippines,Cielo Pagdulagan,FALSE,5:14,5.23,0,0,0,0,0,1,0,0,1,0,0,0,0,0,0,0,-2,https://www.fiba.basketball/en/events/fiba-womens-asiacup-2025/games/125119-AUS-PHI
125120-PHI-JPN,9,Philippines,Cielo Pagdulagan,FALSE,2:42,2.7,0,0,0,0,0,0,0,0,1,0,0,0,0,0,0,0,-1,https://www.fiba.basketball/en/events/fiba-womens-asiacup-2025/games/125120-PHI-JPN
125120-PHI-JPN,9,Philippines,Naomi Natalie Panganiban,TRUE,24:43:00,24.72,13,3,2,0,0,2,2,5,10,50,3,5,60,0,0,0,11,https://www.fiba.basketball/en/events/fiba-womens-asiacup-2025/games/125120-PHI-JPN
125120-PHI-JPN,9,Philippines,Kent Jane Pastrana,FALSE,13:00,13,0,0,3,0,0,3,3,0,7,0,0,3,0,0,0,0,-7,https://www.fiba.basketball/en/events/fiba-womens-asiacup-2025/games/125120-PHI-JPN
125120-PHI-JPN,9,Philippines,Quinn Kacey Dela Rosa,FALSE,21:08,21.13,4,7,1,2,2,1,2,2,4,50,0,2,0,0,0,0,13,https://www.fiba.basketball/en/events/fiba-womens-asiacup-2025/games/125120-PHI-JPN
125120-PHI-JPN,9,Philippines,Jack Animam,TRUE,29:48:00,29.8,24,14,3,1,2,1,3,10,18,55.6,0,1,0,4,8,50,31,https://www.fiba.basketball/en/events/fiba-womens-asiacup-2025/games/125120-PHI-JPN
125120-PHI-JPN,9,Philippines,Louna Ozar,TRUE,19:20,19.33,2,0,3,0,0,2,1,1,2,50,0,0,0,0,0,0,2,https://www.fiba.basketball/en/events/fiba-womens-asiacup-2025/games/125120-PHI-JPN
125120-PHI-JPN,9,Philippines,Angelica Surada,TRUE,18:04,18.07,6,3,0,3,1,0,0,3,4,75,0,0,0,0,0,0,12,https://www.fiba.basketball/en/events/fiba-womens-asiacup-2025/games/125120-PHI-JPN
125120-PHI-JPN,9,Philippines,Ella Fajardo,FALSE,6:16,6.27,3,0,0,1,0,0,1,1,2,50,1,2,50,0,0,0,3,https://www.fiba.basketball/en/events/fiba-womens-asiacup-2025/games/125120-PHI-JPN
125120-PHI-JPN,9,Philippines,Yvette Marie Villanueva,FALSE,6:12,6.2,0,0,1,1,0,0,0,0,0,0,0,0,0,0,0,0,2,https://www.fiba.basketball/en/events/fiba-womens-asiacup-2025/games/125120-PHI-JPN
125120-PHI-JPN,9,Philippines,Vanessa De Jesus,TRUE,31:02:00,31.03,13,1,6,0,0,2,3,5,9,55.6,1,3,33.3,2,2,100,14,https://www.fiba.basketball/en/events/fiba-womens-asiacup-2025/games/125120-PHI-JPN
125120-PHI-JPN,9,Philippines,Sumayah Sugapong,FALSE,18:16,18.27,12,2,2,4,0,1,2,5,9,55.6,2,4,50,0,2,0,13,https://www.fiba.basketball/en/events/fiba-womens-asiacup-2025/games/125120-PHI-JPN
125120-PHI-JPN,9,Philippines,Khate Castillo,FALSE,9:29,9.48,5,0,0,0,0,1,2,2,3,66.7,1,1,100,0,0,0,3,https://www.fiba.basketball/en/events/fiba-womens-asiacup-2025/games/125120-PHI-JPN
125120-PHI-JPN,9,Japan,Monica Okoye,FALSE,19:05,19.08,8,2,1,0,0,1,1,3,9,33.3,0,4,0,2,2,100,4,https://www.fiba.basketball/en/events/fiba-womens-asiacup-2025/games/125120-PHI-JPN
125120-PHI-JPN,9,Japan,Miwa Kuribayashi,FALSE,17:16,17.27,2,5,0,1,0,0,1,1,3,33.3,0,1,0,0,2,0,4,https://www.fiba.basketball/en/events/fiba-womens-asiacup-2025/games/125120-PHI-JPN
125120-PHI-JPN,9,Japan,Nanako Todo,FALSE,16:21,16.35,8,1,1,0,0,1,2,2,4,50,0,2,0,4,4,100,7,https://www.fiba.basketball/en/events/fiba-womens-asiacup-2025/games/125120-PHI-JPN
125120-PHI-JPN,9,Japan,Anri Hoshi,FALSE,14:39,14.65,4,2,3,2,0,1,2,0,5,0,0,4,0,4,4,100,5,https://www.fiba.basketball/en/events/fiba-womens-asiacup-2025/games/125120-PHI-JPN
125120-PHI-JPN,9,Japan,Yuki Miyazawa,FALSE,17:24,17.4,5,8,3,0,2,0,0,1,6,16.7,1,5,20,2,2,100,13,https://www.fiba.basketball/en/events/fiba-womens-asiacup-2025/games/125120-PHI-JPN
125120-PHI-JPN,9,Japan,Minami Yabu,FALSE,21:19,21.32,15,1,0,1,0,2,0,5,8,62.5,5,8,62.5,0,0,0,12,https://www.fiba.basketball/en/events/fiba-womens-asiacup-2025/games/125120-PHI-JPN
125120-PHI-JPN,9,Japan,Kokoro Tanaka,TRUE,21:19,21.32,3,1,7,1,0,7,3,1,2,50,1,1,100,0,0,0,4,https://www.fiba.basketball/en/events/fiba-womens-asiacup-2025/games/125120-PHI-JPN
125120-PHI-JPN,9,Japan,Ramu Tokashiki,TRUE,10:24,10.4,3,2,0,0,0,0,1,1,1,100,1,1,100,0,0,0,5,https://www.fiba.basketball/en/events/fiba-womens-asiacup-2025/games/125120-PHI-JPN
125120-PHI-JPN,9,Japan,Maki Takada,TRUE,15:51,15.85,20,3,1,0,0,0,0,7,10,70,5,6,83.3,1,1,100,21,https://www.fiba.basketball/en/events/fiba-womens-asiacup-2025/games/125120-PHI-JPN
125120-PHI-JPN,9,Japan,Mai Kawai,FALSE,12:39,12.65,2,1,5,2,0,1,2,1,2,50,0,1,0,0,0,0,8,https://www.fiba.basketball/en/events/fiba-womens-asiacup-2025/games/125120-PHI-JPN
125120-PHI-JPN,9,Japan,Stephanie Mawuli,TRUE,13:50,13.83,6,1,1,0,2,1,1,2,6,33.3,0,2,0,2,2,100,5,https://www.fiba.basketball/en/events/fiba-womens-asiacup-2025/games/125120-PHI-JPN
125120-PHI-JPN,9,Japan,Norika Konno,TRUE,19:53,19.88,9,4,0,0,0,2,2,4,7,57.1,1,4,25,0,0,0,8,https://www.fiba.basketball/en/events/fiba-womens-asiacup-2025/games/125120-PHI-JPN
125121-JPN-LBN,10,Japan,Mai Kawai,FALSE,6:34,6.57,2,0,1,0,0,0,2,1,3,33.3,0,2,0,0,0,0,1,https://www.fiba.basketball/en/events/fiba-womens-asiacup-2025/games/125121-JPN-LBN
125121-JPN-LBN,10,Japan,Stephanie Mawuli,TRUE,20:12,20.2,5,6,4,0,0,1,2,2,9,22.2,1,4,25,0,0,0,7,https://www.fiba.basketball/en/events/fiba-womens-asiacup-2025/games/125121-JPN-LBN
125121-JPN-LBN,10,Japan,Norika Konno,TRUE,20:23,20.38,4,1,3,1,1,3,1,2,5,40,0,3,0,0,2,0,2,https://www.fiba.basketball/en/events/fiba-womens-asiacup-2025/games/125121-JPN-LBN
125121-JPN-LBN,10,Japan,Maki Takada,TRUE,22:23,22.38,7,6,3,1,0,1,0,2,6,33.3,1,3,33.3,2,2,100,12,https://www.fiba.basketball/en/events/fiba-womens-asiacup-2025/games/125121-JPN-LBN
125121-JPN-LBN,10,Japan,Ramu Tokashiki,TRUE,23:19,23.32,4,4,2,0,0,2,0,2,3,66.7,0,0,0,0,0,0,7,https://www.fiba.basketball/en/events/fiba-womens-asiacup-2025/games/125121-JPN-LBN
125121-JPN-LBN,10,Japan,Kokoro Tanaka,TRUE,23:04,23.07,11,2,3,1,0,3,4,3,7,42.9,2,6,33.3,3,4,75,9,https://www.fiba.basketball/en/events/fiba-womens-asiacup-2025/games/125121-JPN-LBN
125121-JPN-LBN,10,Japan,Minami Yabu,FALSE,23:00,23,19,1,1,2,1,2,2,7,14,50,5,12,41.7,0,0,0,15,https://www.fiba.basketball/en/events/fiba-womens-asiacup-2025/games/125121-JPN-LBN
125121-JPN-LBN,10,Japan,Yuki Miyazawa,FALSE,21:58,21.97,9,5,3,0,1,0,2,3,6,50,3,5,60,0,0,0,15,https://www.fiba.basketball/en/events/fiba-womens-asiacup-2025/games/125121-JPN-LBN
125121-JPN-LBN,10,Japan,Anri Hoshi,FALSE,8:30,8.5,6,0,0,0,0,1,1,2,5,40,2,5,40,0,0,0,2,https://www.fiba.basketball/en/events/fiba-womens-asiacup-2025/games/125121-JPN-LBN
125121-JPN-LBN,10,Japan,Nanako Todo,FALSE,18:17,18.28,3,1,1,2,1,0,3,1,7,14.3,1,6,16.7,0,0,0,2,https://www.fiba.basketball/en/events/fiba-womens-asiacup-2025/games/125121-JPN-LBN
125121-JPN-LBN,10,Japan,Miwa Kuribayashi,FALSE,3:14,3.23,2,0,0,1,0,1,1,1,2,50,0,0,0,0,0,0,1,https://www.fiba.basketball/en/events/fiba-womens-asiacup-2025/games/125121-JPN-LBN
125121-JPN-LBN,10,Japan,Monica Okoye,FALSE,9:06,9.1,0,0,0,0,0,1,1,0,3,0,0,1,0,0,0,0,-4,https://www.fiba.basketball/en/events/fiba-womens-asiacup-2025/games/125121-JPN-LBN
125121-JPN-LBN,10,Lebanon,Melody Saneh,FALSE,0:00,0,0,0,0,0,0,0,0,0,0,0,0,0,0,0,0,0,0,https://www.fiba.basketball/en/events/fiba-womens-asiacup-2025/games/125121-JPN-LBN
125121-JPN-LBN,10,Lebanon,Zena Ramiz Elias,TRUE,12:54,12.9,2,6,1,0,0,2,1,1,6,16.7,0,0,0,0,0,0,2,https://www.fiba.basketball/en/events/fiba-womens-asiacup-2025/games/125121-JPN-LBN
125121-JPN-LBN,10,Lebanon,Maygen Naassan,FALSE,12:37,12.62,0,2,0,0,0,0,0,0,2,0,0,0,0,0,0,0,0,https://www.fiba.basketball/en/events/fiba-womens-asiacup-2025/games/125121-JPN-LBN
125121-JPN-LBN,10,Lebanon,Maria Ghaleb,FALSE,27:37:00,27.62,4,6,0,2,0,2,1,1,6,16.7,0,2,0,2,2,100,5,https://www.fiba.basketball/en/events/fiba-womens-asiacup-2025/games/125121-JPN-LBN
125121-JPN-LBN,10,Lebanon,Daniella Fayad,TRUE,28:47:00,28.78,6,5,0,1,1,1,1,2,6,33.3,0,1,0,2,2,100,8,https://www.fiba.basketball/en/events/fiba-womens-asiacup-2025/games/125121-JPN-LBN
125121-JPN-LBN,10,Lebanon,Nour Labban,FALSE,0:00,0,0,0,0,0,0,0,0,0,0,0,0,0,0,0,0,0,0,https://www.fiba.basketball/en/events/fiba-womens-asiacup-2025/games/125121-JPN-LBN
125121-JPN-LBN,10,Lebanon,Tina Rita Raffoul,FALSE,6:41,6.68,0,4,0,0,0,0,1,0,1,0,0,0,0,0,0,0,3,https://www.fiba.basketball/en/events/fiba-womens-asiacup-2025/games/125121-JPN-LBN
125121-JPN-LBN,10,Lebanon,Rebecca Akl,TRUE,33:33:00,33.55,27,5,0,0,0,8,2,8,16,50,2,6,33.3,9,14,64.3,11,https://www.fiba.basketball/en/events/fiba-womens-asiacup-2025/games/125121-JPN-LBN
125121-JPN-LBN,10,Lebanon,Jillian Archer,TRUE,37:22:00,37.37,10,12,1,2,1,2,2,4,10,40,0,0,0,2,2,100,18,https://www.fiba.basketball/en/events/fiba-womens-asiacup-2025/games/125121-JPN-LBN
125121-JPN-LBN,10,Lebanon,PERLA BOU NASR,FALSE,4:09,4.15,0,0,0,1,0,0,0,0,0,0,0,0,0,0,0,0,1,https://www.fiba.basketball/en/events/fiba-womens-asiacup-2025/games/125121-JPN-LBN
125121-JPN-LBN,10,Lebanon,Mariam Jomaa,FALSE,0:00,0,0,0,0,0,0,0,0,0,0,0,0,0,0,0,0,0,0,https://www.fiba.basketball/en/events/fiba-womens-asiacup-2025/games/125121-JPN-LBN
125121-JPN-LBN,10,Lebanon,Amar Mansour,TRUE,36:20:00,36.33,19,7,5,2,0,3,4,7,15,46.7,0,4,0,5,6,83.3,21,https://www.fiba.basketball/en/events/fiba-womens-asiacup-2025/games/125121-JPN-LBN
125122-LBN-AUS,11,Lebanon,Amar Mansour,TRUE,6:35,6.58,0,1,0,0,0,1,0,0,2,0,0,0,0,0,0,0,-2,https://www.fiba.basketball/en/events/fiba-womens-asiacup-2025/games/125122-LBN-AUS
125122-LBN-AUS,11,Lebanon,Mariam Jomaa,FALSE,16:49,16.82,3,2,0,1,0,2,0,1,2,50,1,2,50,0,0,0,3,https://www.fiba.basketball/en/events/fiba-womens-asiacup-2025/games/125122-LBN-AUS
125122-LBN-AUS,11,Lebanon,PERLA BOU NASR,FALSE,17:26,17.43,0,0,0,0,0,1,0,0,5,0,0,3,0,0,0,0,-6,https://www.fiba.basketball/en/events/fiba-womens-asiacup-2025/games/125122-LBN-AUS
125122-LBN-AUS,11,Lebanon,Jillian Archer,TRUE,10:00,10,2,2,0,0,0,1,1,0,2,0,0,0,0,2,2,100,1,https://www.fiba.basketball/en/events/fiba-womens-asiacup-2025/games/125122-LBN-AUS
125122-LBN-AUS,11,Lebanon,Rebecca Akl,TRUE,7:05,7.08,0,0,1,0,0,2,1,0,1,0,0,1,0,0,0,0,-2,https://www.fiba.basketball/en/events/fiba-womens-asiacup-2025/games/125122-LBN-AUS
125122-LBN-AUS,11,Lebanon,Tina Rita Raffoul,FALSE,30:51:00,30.85,9,3,2,0,0,5,5,3,8,37.5,1,5,20,2,3,66.7,3,https://www.fiba.basketball/en/events/fiba-womens-asiacup-2025/games/125122-LBN-AUS
125122-LBN-AUS,11,Lebanon,Nour Labban,FALSE,27:29:00,27.48,11,0,1,2,0,6,1,4,13,30.8,2,6,33.3,1,2,50,-2,https://www.fiba.basketball/en/events/fiba-womens-asiacup-2025/games/125122-LBN-AUS
125122-LBN-AUS,11,Lebanon,Daniella Fayad,TRUE,5:54,5.9,0,0,0,0,0,0,0,0,1,0,0,1,0,0,0,0,-1,https://www.fiba.basketball/en/events/fiba-womens-asiacup-2025/games/125122-LBN-AUS
125122-LBN-AUS,11,Lebanon,Maria Ghaleb,FALSE,27:06:00,27.1,2,1,1,0,0,1,2,1,5,20,0,0,0,0,0,0,-1,https://www.fiba.basketball/en/events/fiba-womens-asiacup-2025/games/125122-LBN-AUS
125122-LBN-AUS,11,Lebanon,Maygen Naassan,FALSE,26:11:00,26.18,4,7,2,0,0,1,0,2,13,15.4,0,2,0,0,0,0,1,https://www.fiba.basketball/en/events/fiba-womens-asiacup-2025/games/125122-LBN-AUS
125122-LBN-AUS,11,Lebanon,Zena Ramiz Elias,TRUE,5:54,5.9,2,1,0,0,0,0,0,1,4,25,0,0,0,0,0,0,0,https://www.fiba.basketball/en/events/fiba-womens-asiacup-2025/games/125122-LBN-AUS
125122-LBN-AUS,11,Lebanon,Melody Saneh,FALSE,18:40,18.67,1,1,0,1,0,0,0,0,1,0,0,0,0,1,2,50,1,https://www.fiba.basketball/en/events/fiba-womens-asiacup-2025/games/125122-LBN-AUS
125122-LBN-AUS,11,Australia,Chloe Bibby,FALSE,19:25,19.42,12,12,4,0,0,3,1,5,7,71.4,1,3,33.3,1,1,100,23,https://www.fiba.basketball/en/events/fiba-womens-asiacup-2025/games/125122-LBN-AUS
125122-LBN-AUS,11,Australia,Alex Brooke Wilson,FALSE,0:00,0,0,0,0,0,0,0,0,0,0,0,0,0,0,0,0,0,0,https://www.fiba.basketball/en/events/fiba-womens-asiacup-2025/games/125122-LBN-AUS
125122-LBN-AUS,11,Australia,Isabelle Bourne,FALSE,22:16,22.27,15,4,3,3,0,0,2,6,12,50,2,5,40,1,2,50,18,https://www.fiba.basketball/en/events/fiba-womens-asiacup-2025/games/125122-LBN-AUS
125122-LBN-AUS,11,Australia,Alexandra Fowler,TRUE,19:40,19.67,11,8,6,1,0,0,3,4,6,66.7,1,1,100,2,4,50,22,https://www.fiba.basketball/en/events/fiba-womens-asiacup-2025/games/125122-LBN-AUS
125122-LBN-AUS,11,Australia,Zitina Lusia Aokuso,FALSE,0:00,0,0,0,0,0,0,0,0,0,0,0,0,0,0,0,0,0,0,https://www.fiba.basketball/en/events/fiba-womens-asiacup-2025/games/125122-LBN-AUS
125122-LBN-AUS,11,Australia,Isobel Borlase,TRUE,22:30,22.5,8,3,2,2,0,1,0,4,10,40,0,5,0,0,0,0,8,https://www.fiba.basketball/en/events/fiba-womens-asiacup-2025/games/125122-LBN-AUS
125122-LBN-AUS,11,Australia,Sara Blicavs,TRUE,17:38,17.63,11,7,3,2,0,0,1,4,7,57.1,3,4,75,0,0,0,20,https://www.fiba.basketball/en/events/fiba-womens-asiacup-2025/games/125122-LBN-AUS
125122-LBN-AUS,11,Australia,Cayla George,TRUE,17:03,17.05,7,10,2,0,0,2,2,2,8,25,1,4,25,2,2,100,11,https://www.fiba.basketball/en/events/fiba-womens-asiacup-2025/games/125122-LBN-AUS
125122-LBN-AUS,11,Australia,Stephanie Reid,TRUE,17:34,17.57,14,1,7,0,0,0,2,5,7,71.4,4,6,66.7,0,0,0,20,https://www.fiba.basketball/en/events/fiba-womens-asiacup-2025/games/125122-LBN-AUS
125122-LBN-AUS,11,Australia,Abbey Ellis,FALSE,22:23,22.38,14,4,4,3,0,1,1,6,7,85.7,2,3,66.7,0,0,0,23,https://www.fiba.basketball/en/events/fiba-womens-asiacup-2025/games/125122-LBN-AUS
125122-LBN-AUS,11,Australia,Courtney Michelle Woods,FALSE,22:16,22.27,11,6,7,2,0,0,0,5,8,62.5,1,2,50,0,0,0,23,https://www.fiba.basketball/en/events/fiba-womens-asiacup-2025/games/125122-LBN-AUS
125122-LBN-AUS,11,Australia,Miela Goodchild,FALSE,19:15,19.25,10,3,1,2,0,2,1,4,9,44.4,2,5,40,0,0,0,9,https://www.fiba.basketball/en/events/fiba-womens-asiacup-2025/games/125122-LBN-AUS
125123-PHI-LBN,12,Philippines,Cielo Pagdulagan,FALSE,2:02,2.03,0,2,0,0,0,0,0,0,1,0,0,0,0,0,0,0,1,https://www.fiba.basketball/en/events/fiba-womens-asiacup-2025/games/125123-PHI-LBN
125123-PHI-LBN,12,Philippines,Naomi Natalie Panganiban,TRUE,31:15:00,31.25,15,4,3,1,0,1,2,5,16,31.3,2,9,22.2,3,3,100,11,https://www.fiba.basketball/en/events/fiba-womens-asiacup-2025/games/125123-PHI-LBN
125123-PHI-LBN,12,Philippines,Kent Jane Pastrana,FALSE,14:43,14.72,7,1,0,0,0,2,1,3,6,50,1,3,33.3,0,0,0,3,https://www.fiba.basketball/en/events/fiba-womens-asiacup-2025/games/125123-PHI-LBN
125123-PHI-LBN,12,Philippines,Quinn Kacey Dela Rosa,FALSE,22:03,22.05,10,5,0,3,1,1,5,5,8,62.5,0,2,0,0,0,0,15,https://www.fiba.basketball/en/events/fiba-womens-asiacup-2025/games/125123-PHI-LBN
125123-PHI-LBN,12,Philippines,Jack Animam,TRUE,32:25:00,32.42,14,16,5,3,0,2,4,6,11,54.5,0,0,0,2,8,25,25,https://www.fiba.basketball/en/events/fiba-womens-asiacup-2025/games/125123-PHI-LBN
125123-PHI-LBN,12,Philippines,Louna Ozar,TRUE,16:08,16.13,0,1,3,1,0,0,3,0,4,0,0,3,0,0,0,0,1,https://www.fiba.basketball/en/events/fiba-womens-asiacup-2025/games/125123-PHI-LBN
125123-PHI-LBN,12,Philippines,Angelica Surada,TRUE,18:11,18.18,0,1,1,0,0,0,2,0,3,0,0,1,0,0,0,0,-1,https://www.fiba.basketball/en/events/fiba-womens-asiacup-2025/games/125123-PHI-LBN
125123-PHI-LBN,12,Philippines,Ella Fajardo,FALSE,1:58,1.97,0,0,0,0,0,0,0,0,0,0,0,0,0,0,0,0,0,https://www.fiba.basketball/en/events/fiba-womens-asiacup-2025/games/125123-PHI-LBN
125123-PHI-LBN,12,Philippines,Yvette Marie Villanueva,FALSE,0:00,0,0,0,0,0,0,0,0,0,0,0,0,0,0,0,0,0,0,https://www.fiba.basketball/en/events/fiba-womens-asiacup-2025/games/125123-PHI-LBN
125123-PHI-LBN,12,Philippines,Vanessa De Jesus,TRUE,33:53:00,33.88,13,4,2,1,0,4,2,5,15,33.3,1,7,14.3,2,2,100,6,https://www.fiba.basketball/en/events/fiba-womens-asiacup-2025/games/125123-PHI-LBN
125123-PHI-LBN,12,Philippines,Sumayah Sugapong,FALSE,22:44,22.73,14,5,3,2,0,1,3,6,15,40,0,4,0,2,2,100,14,https://www.fiba.basketball/en/events/fiba-womens-asiacup-2025/games/125123-PHI-LBN
125123-PHI-LBN,12,Philippines,Khate Castillo,FALSE,4:38,4.63,0,0,1,0,0,0,0,0,1,0,0,1,0,0,0,0,0,https://www.fiba.basketball/en/events/fiba-womens-asiacup-2025/games/125123-PHI-LBN
125123-PHI-LBN,12,Lebanon,Amar Mansour,TRUE,30:46:00,30.77,7,9,1,0,0,7,1,2,7,28.6,1,3,33.3,2,2,100,5,https://www.fiba.basketball/en/events/fiba-womens-asiacup-2025/games/125123-PHI-LBN
125123-PHI-LBN,12,Lebanon,Mariam Jomaa,FALSE,0:00,0,0,0,0,0,0,0,0,0,0,0,0,0,0,0,0,0,0,https://www.fiba.basketball/en/events/fiba-womens-asiacup-2025/games/125123-PHI-LBN
125123-PHI-LBN,12,Lebanon,PERLA BOU NASR,FALSE,0:00,0,0,0,0,0,0,0,0,0,0,0,0,0,0,0,0,0,0,https://www.fiba.basketball/en/events/fiba-womens-asiacup-2025/games/125123-PHI-LBN
125123-PHI-LBN,12,Lebanon,Jillian Archer,TRUE,34:32:00,34.53,23,10,3,1,0,4,4,9,14,64.3,0,1,0,5,7,71.4,26,https://www.fiba.basketball/en/events/fiba-womens-asiacup-2025/games/125123-PHI-LBN
125123-PHI-LBN,12,Lebanon,Rebecca Akl,TRUE,34:34:00,34.57,13,7,4,1,0,4,3,2,9,22.2,1,4,25,8,11,72.7,11,https://www.fiba.basketball/en/events/fiba-womens-asiacup-2025/games/125123-PHI-LBN
125123-PHI-LBN,12,Lebanon,Tina Rita Raffoul,FALSE,9:51,9.85,0,0,0,1,0,1,3,0,1,0,0,1,0,0,0,0,-1,https://www.fiba.basketball/en/events/fiba-womens-asiacup-2025/games/125123-PHI-LBN
125123-PHI-LBN,12,Lebanon,Nour Labban,FALSE,4:23,4.38,2,0,1,0,0,2,0,1,1,100,0,0,0,0,0,0,1,https://www.fiba.basketball/en/events/fiba-womens-asiacup-2025/games/125123-PHI-LBN
125123-PHI-LBN,12,Lebanon,Daniella Fayad,TRUE,20:42,20.7,3,5,2,0,0,0,1,1,6,16.7,1,6,16.7,0,0,0,5,https://www.fiba.basketball/en/events/fiba-womens-asiacup-2025/games/125123-PHI-LBN
125123-PHI-LBN,12,Lebanon,Maria Ghaleb,FALSE,15:59,15.98,6,1,2,1,1,1,4,3,7,42.9,0,2,0,0,0,0,6,https://www.fiba.basketball/en/events/fiba-womens-asiacup-2025/games/125123-PHI-LBN
125123-PHI-LBN,12,Lebanon,Maygen Naassan,FALSE,24:18:00,24.3,6,2,2,2,0,1,1,0,1,0,0,0,0,6,8,75,8,https://www.fiba.basketball/en/events/fiba-womens-asiacup-2025/games/125123-PHI-LBN
125123-PHI-LBN,12,Lebanon,Zena Ramiz Elias,TRUE,24:55:00,24.92,10,6,1,0,0,2,1,5,12,41.7,0,3,0,0,0,0,8,https://www.fiba.basketball/en/events/fiba-womens-asiacup-2025/games/125123-PHI-LBN
125123-PHI-LBN,12,Lebanon,Melody Saneh,FALSE,0:00,0,0,0,0,0,0,0,0,0,0,0,0,0,0,0,0,0,0,https://www.fiba.basketball/en/events/fiba-womens-asiacup-2025/games/125123-PHI-LBN
126778-KOR-PHI,13,Korea,Yusun HONG,FALSE,8:29,8.48,2,3,1,0,0,1,5,1,1,100,0,0,0,0,0,0,5,https://www.fiba.basketball/en/events/fiba-womens-asiacup-2025/games/126778-KOR-PHI
126778-KOR-PHI,13,Korea,Myung Kuwan Lee,FALSE,17:38,17.63,6,2,3,2,0,1,2,2,4,50,2,3,66.7,0,0,0,10,https://www.fiba.basketball/en/events/fiba-womens-asiacup-2025/games/126778-KOR-PHI
126778-KOR-PHI,13,Korea,Haeran Lee,FALSE,19:45,19.75,24,3,1,1,0,0,2,10,13,76.9,3,4,75,1,2,50,25,https://www.fiba.basketball/en/events/fiba-womens-asiacup-2025/games/126778-KOR-PHI
126778-KOR-PHI,13,Korea,Yoolim Kang,TRUE,21:26,21.43,21,2,2,1,0,1,1,6,9,66.7,6,9,66.7,3,3,100,22,https://www.fiba.basketball/en/events/fiba-womens-asiacup-2025/games/126778-KOR-PHI
126778-KOR-PHI,13,Korea,Jihyun Park,TRUE,28:46:00,28.77,15,9,5,4,0,1,0,6,13,46.2,2,6,33.3,1,2,50,24,https://www.fiba.basketball/en/events/fiba-womens-asiacup-2025/games/126778-KOR-PHI
126778-KOR-PHI,13,Korea,Juyeon Lee,FALSE,0:00,0,0,0,0,0,0,0,0,0,0,0,0,0,0,0,0,0,0,https://www.fiba.basketball/en/events/fiba-womens-asiacup-2025/games/126778-KOR-PHI
126778-KOR-PHI,13,Korea,Jisu Park,TRUE,19:26,19.43,14,7,3,3,2,2,1,6,12,50,0,1,0,2,2,100,21,https://www.fiba.basketball/en/events/fiba-womens-asiacup-2025/games/126778-KOR-PHI
126778-KOR-PHI,13,Korea,Isaem Choi,TRUE,22:32,22.53,6,3,1,0,0,2,1,3,6,50,0,3,0,0,0,0,5,https://www.fiba.basketball/en/events/fiba-womens-asiacup-2025/games/126778-KOR-PHI
126778-KOR-PHI,13,Korea,Yeeun Heo,FALSE,21:25,21.42,7,3,8,2,0,0,3,3,6,50,0,2,0,1,1,100,17,https://www.fiba.basketball/en/events/fiba-womens-asiacup-2025/games/126778-KOR-PHI
126778-KOR-PHI,13,Korea,Leeseul Kang,FALSE,0:00,0,0,0,0,0,0,0,0,0,0,0,0,0,0,0,0,0,0,https://www.fiba.basketball/en/events/fiba-womens-asiacup-2025/games/126778-KOR-PHI
126778-KOR-PHI,13,Korea,Heji An,TRUE,18:35,18.58,0,1,5,0,0,3,1,0,2,0,0,1,0,0,0,0,1,https://www.fiba.basketball/en/events/fiba-womens-asiacup-2025/games/126778-KOR-PHI
126778-KOR-PHI,13,Korea,Jihyun Shin,FALSE,21:58,21.97,9,0,4,0,0,1,1,3,6,50,3,4,75,0,0,0,9,https://www.fiba.basketball/en/events/fiba-womens-asiacup-2025/games/126778-KOR-PHI
126778-KOR-PHI,13,Philippines,Cielo Pagdulagan,FALSE,0:00,0,0,0,0,0,0,0,0,0,0,0,0,0,0,0,0,0,0,https://www.fiba.basketball/en/events/fiba-womens-asiacup-2025/games/126778-KOR-PHI
126778-KOR-PHI,13,Philippines,Naomi Natalie Panganiban,TRUE,25:35:00,25.58,19,4,3,2,0,0,2,6,14,42.9,3,9,33.3,4,4,100,20,https://www.fiba.basketball/en/events/fiba-womens-asiacup-2025/games/126778-KOR-PHI
126778-KOR-PHI,13,Philippines,Kent Jane Pastrana,FALSE,19:12,19.2,8,6,2,2,0,2,2,3,11,27.3,1,5,20,1,2,50,7,https://www.fiba.basketball/en/events/fiba-womens-asiacup-2025/games/126778-KOR-PHI
126778-KOR-PHI,13,Philippines,Quinn Kacey Dela Rosa,FALSE,20:44,20.73,10,4,2,1,1,1,0,4,6,66.7,0,1,0,2,4,50,13,https://www.fiba.basketball/en/events/fiba-womens-asiacup-2025/games/126778-KOR-PHI
126778-KOR-PHI,13,Philippines,Jack Animam,TRUE,26:14:00,26.23,3,7,2,3,0,2,2,1,6,16.7,0,0,0,1,2,50,7,https://www.fiba.basketball/en/events/fiba-womens-asiacup-2025/games/126778-KOR-PHI
126778-KOR-PHI,13,Philippines,Louna Ozar,TRUE,21:24,21.4,10,1,3,0,0,3,2,4,7,57.1,2,2,100,0,0,0,8,https://www.fiba.basketball/en/events/fiba-womens-asiacup-2025/games/126778-KOR-PHI
126778-KOR-PHI,13,Philippines,Angelica Surada,TRUE,21:31,21.52,2,2,0,0,0,0,2,1,1,100,0,0,0,0,0,0,4,https://www.fiba.basketball/en/events/fiba-womens-asiacup-2025/games/126778-KOR-PHI
126778-KOR-PHI,13,Philippines,Ella Fajardo,FALSE,0:00,0,0,0,0,0,0,0,0,0,0,0,0,0,0,0,0,0,0,https://www.fiba.basketball/en/events/fiba-womens-asiacup-2025/games/126778-KOR-PHI
126778-KOR-PHI,13,Philippines,Yvette Marie Villanueva,FALSE,1:51,1.85,0,0,1,0,0,0,0,0,0,0,0,0,0,0,0,0,1,https://www.fiba.basketball/en/events/fiba-womens-asiacup-2025/games/126778-KOR-PHI
126778-KOR-PHI,13,Philippines,Vanessa De Jesus,TRUE,33:58:00,33.97,15,2,3,0,0,6,0,6,14,42.9,3,5,60,0,0,0,6,https://www.fiba.basketball/en/events/fiba-womens-asiacup-2025/games/126778-KOR-PHI
126778-KOR-PHI,13,Philippines,Sumayah Sugapong,FALSE,21:26,21.43,4,0,1,1,0,3,2,1,5,20,0,1,0,2,2,100,-1,https://www.fiba.basketball/en/events/fiba-womens-asiacup-2025/games/126778-KOR-PHI
126778-KOR-PHI,13,Philippines,Khate Castillo,FALSE,8:05,8.08,0,0,0,0,0,1,0,0,1,0,0,1,0,0,0,0,-2,https://www.fiba.basketball/en/events/fiba-womens-asiacup-2025/games/126778-KOR-PHI
126779-JPN-NZL,14,Japan,Monica Okoye,FALSE,9:49,9.82,3,1,0,0,1,0,1,1,2,50,1,1,100,0,0,0,4,https://www.fiba.basketball/en/events/fiba-womens-asiacup-2025/games/126779-JPN-NZL
126779-JPN-NZL,14,Japan,Miwa Kuribayashi,FALSE,6:50,6.83,0,0,0,0,0,0,0,0,0,0,0,0,0,0,0,0,0,https://www.fiba.basketball/en/events/fiba-womens-asiacup-2025/games/126779-JPN-NZL
126779-JPN-NZL,14,Japan,Nanako Todo,FALSE,18:46,18.77,9,3,1,0,0,1,2,3,7,42.9,3,5,60,0,0,0,8,https://www.fiba.basketball/en/events/fiba-womens-asiacup-2025/games/126779-JPN-NZL
126779-JPN-NZL,14,Japan,Anri Hoshi,FALSE,0:00,0,0,0,0,0,0,0,0,0,0,0,0,0,0,0,0,0,0,https://www.fiba.basketball/en/events/fiba-womens-asiacup-2025/games/126779-JPN-NZL
126779-JPN-NZL,14,Japan,Yuki Miyazawa,FALSE,20:44,20.73,11,10,2,0,0,0,1,5,9,55.6,1,4,25,0,0,0,19,https://www.fiba.basketball/en/events/fiba-womens-asiacup-2025/games/126779-JPN-NZL
126779-JPN-NZL,14,Japan,Minami Yabu,FALSE,24:12:00,24.2,2,1,2,0,0,0,2,1,9,11.1,0,6,0,0,0,0,-3,https://www.fiba.basketball/en/events/fiba-womens-asiacup-2025/games/126779-JPN-NZL
126779-JPN-NZL,14,Japan,Kokoro Tanaka,TRUE,22:50,22.83,17,2,4,2,0,3,4,7,12,58.3,2,4,50,1,2,50,16,https://www.fiba.basketball/en/events/fiba-womens-asiacup-2025/games/126779-JPN-NZL
126779-JPN-NZL,14,Japan,Ramu Tokashiki,TRUE,17:26,17.43,5,5,1,1,0,2,3,2,4,50,0,1,0,1,2,50,7,https://www.fiba.basketball/en/events/fiba-womens-asiacup-2025/games/126779-JPN-NZL
126779-JPN-NZL,14,Japan,Maki Takada,TRUE,25:11:00,25.18,6,6,1,1,0,0,0,3,5,60,0,1,0,0,0,0,12,https://www.fiba.basketball/en/events/fiba-womens-asiacup-2025/games/126779-JPN-NZL
126779-JPN-NZL,14,Japan,Mai Kawai,FALSE,12:39,12.65,5,1,6,0,0,0,1,2,4,50,1,2,50,0,0,0,10,https://www.fiba.basketball/en/events/fiba-womens-asiacup-2025/games/126779-JPN-NZL
126779-JPN-NZL,14,Japan,Stephanie Mawuli,TRUE,15:11,15.18,6,1,0,1,0,2,2,1,3,33.3,1,3,33.3,3,6,50,1,https://www.fiba.basketball/en/events/fiba-womens-asiacup-2025/games/126779-JPN-NZL
126779-JPN-NZL,14,Japan,Norika Konno,TRUE,26:22:00,26.37,13,2,4,1,1,1,2,6,11,54.5,1,3,33.3,0,0,0,15,https://www.fiba.basketball/en/events/fiba-womens-asiacup-2025/games/126779-JPN-NZL
126779-JPN-NZL,14,New Zealand,Charlotte Whittaker,FALSE,20:25,20.42,6,3,1,0,0,0,1,2,7,28.6,0,1,0,2,2,100,5,https://www.fiba.basketball/en/events/fiba-womens-asiacup-2025/games/126779-JPN-NZL
126779-JPN-NZL,14,New Zealand,McKenna Dale,TRUE,34:17:00,34.28,6,5,3,2,0,0,2,2,9,22.2,2,8,25,0,0,0,9,https://www.fiba.basketball/en/events/fiba-womens-asiacup-2025/games/126779-JPN-NZL
126779-JPN-NZL,14,New Zealand,Tayla Dalton,TRUE,33:24:00,33.4,9,4,1,2,0,5,2,2,11,18.2,1,4,25,4,5,80,1,https://www.fiba.basketball/en/events/fiba-womens-asiacup-2025/games/126779-JPN-NZL
126779-JPN-NZL,14,New Zealand,Olivia Williams,FALSE,0:00,0,0,0,0,0,0,0,0,0,0,0,0,0,0,0,0,0,0,https://www.fiba.basketball/en/events/fiba-womens-asiacup-2025/games/126779-JPN-NZL
126779-JPN-NZL,14,New Zealand,Ritorya Tamilo,FALSE,1:59,1.98,0,0,0,0,0,0,0,0,1,0,0,0,0,0,0,0,-1,https://www.fiba.basketball/en/events/fiba-womens-asiacup-2025/games/126779-JPN-NZL
126779-JPN-NZL,14,New Zealand,Ella Tofaeono,FALSE,1:12,1.2,0,0,0,0,0,0,0,0,0,0,0,0,0,0,0,0,0,https://www.fiba.basketball/en/events/fiba-womens-asiacup-2025/games/126779-JPN-NZL
126779-JPN-NZL,14,New Zealand,Esra McGoldrick,TRUE,31:40:00,31.67,28,12,2,0,3,2,2,11,17,64.7,3,4,75,3,4,75,36,https://www.fiba.basketball/en/events/fiba-womens-asiacup-2025/games/126779-JPN-NZL
126779-JPN-NZL,14,New Zealand,Ashlee Strawbridge,FALSE,10:06,10.1,0,1,2,0,0,0,0,0,0,0,0,0,0,0,2,0,1,https://www.fiba.basketball/en/events/fiba-womens-asiacup-2025/games/126779-JPN-NZL
126779-JPN-NZL,14,New Zealand,Rebecca Kathleen Pizzey,TRUE,24:44:00,24.73,7,7,3,2,0,2,2,3,8,37.5,0,2,0,1,2,50,11,https://www.fiba.basketball/en/events/fiba-womens-asiacup-2025/games/126779-JPN-NZL
126779-JPN-NZL,14,New Zealand,Pahlyss Hokianga,FALSE,10:22,10.37,2,1,3,0,0,2,0,1,2,50,0,1,0,0,0,0,3,https://www.fiba.basketball/en/events/fiba-womens-asiacup-2025/games/126779-JPN-NZL
126779-JPN-NZL,14,New Zealand,Bailey Flavell,FALSE,7:39,7.65,4,0,0,0,0,2,0,2,4,50,0,0,0,0,0,0,0,https://www.fiba.basketball/en/events/fiba-womens-asiacup-2025/games/126779-JPN-NZL
126779-JPN-NZL,14,New Zealand,Emilia Shearer,TRUE,24:12:00,24.2,0,2,2,0,1,2,2,0,4,0,0,3,0,0,0,0,-1,https://www.fiba.basketball/en/events/fiba-womens-asiacup-2025/games/126779-JPN-NZL
126780-INA-LBN,15,Indonesia,Angelica Jennifer Candra,FALSE,0:00,0,0,0,0,0,0,0,0,0,0,0,0,0,0,0,0,0,0,https://www.fiba.basketball/en/events/fiba-womens-asiacup-2025/games/126780-INA-LBN
126780-INA-LBN,15,Indonesia,Clarita Antonio,FALSE,18:40,18.67,3,1,1,0,0,1,0,1,4,25,1,4,25,0,0,0,1,https://www.fiba.basketball/en/events/fiba-womens-asiacup-2025/games/126780-INA-LBN
126780-INA-LBN,15,Indonesia,Kim Pierre-Louis,TRUE,36:00:00,36,16,11,1,1,2,2,3,7,18,38.9,1,3,33.3,1,3,33.3,16,https://www.fiba.basketball/en/events/fiba-womens-asiacup-2025/games/126780-INA-LBN
126780-INA-LBN,15,Indonesia,Bella Alana Hasan,FALSE,8:25,8.42,3,0,0,0,0,2,1,1,3,33.3,1,1,100,0,0,0,-1,https://www.fiba.basketball/en/events/fiba-womens-asiacup-2025/games/126780-INA-LBN
126780-INA-LBN,15,Indonesia,Nathania Claresta Orville,FALSE,5:44,5.73,2,0,0,0,0,0,0,1,2,50,0,1,0,0,0,0,1,https://www.fiba.basketball/en/events/fiba-womens-asiacup-2025/games/126780-INA-LBN
126780-INA-LBN,15,Indonesia,Jesslyn Angelique Aritonang,FALSE,0:00,0,0,0,0,0,0,0,0,0,0,0,0,0,0,0,0,0,0,https://www.fiba.basketball/en/events/fiba-womens-asiacup-2025/games/126780-INA-LBN
126780-INA-LBN,15,Indonesia,Yuni Anggraeni,FALSE,0:00,0,0,0,0,0,0,0,0,0,0,0,0,0,0,0,0,0,0,https://www.fiba.basketball/en/events/fiba-womens-asiacup-2025/games/126780-INA-LBN
126780-INA-LBN,15,Indonesia,Adelaide Callista Wongsohardjo,TRUE,31:25:00,31.42,2,4,3,3,0,1,3,0,6,0,0,4,0,2,2,100,5,https://www.fiba.basketball/en/events/fiba-womens-asiacup-2025/games/126780-INA-LBN
126780-INA-LBN,15,Indonesia,Faizzatus Shoimah,TRUE,19:55,19.92,8,3,1,2,0,2,5,3,8,37.5,1,4,25,1,2,50,6,https://www.fiba.basketball/en/events/fiba-womens-asiacup-2025/games/126780-INA-LBN
126780-INA-LBN,15,Indonesia,Priscilla Annabel Karen,TRUE,12:22,12.37,6,1,1,0,0,1,3,1,3,33.3,0,1,0,4,6,66.7,3,https://www.fiba.basketball/en/events/fiba-womens-asiacup-2025/games/126780-INA-LBN
126780-INA-LBN,15,Indonesia,Dewa Ayu Made Sriartha Kusuma,FALSE,31:38:00,31.63,6,4,4,0,1,1,4,2,10,20,0,1,0,2,2,100,6,https://www.fiba.basketball/en/events/fiba-womens-asiacup-2025/games/126780-INA-LBN
126780-INA-LBN,15,Indonesia,Agustin Elya Gradita Retong,TRUE,35:51:00,35.85,11,3,8,4,0,4,3,3,6,50,1,3,33.3,4,4,100,19,https://www.fiba.basketball/en/events/fiba-womens-asiacup-2025/games/126780-INA-LBN
126780-INA-LBN,15,Lebanon,Rebecca Akl,TRUE,37:01:00,37.02,26,5,5,1,0,3,0,7,15,46.7,4,8,50,8,9,88.9,25,https://www.fiba.basketball/en/events/fiba-womens-asiacup-2025/games/126780-INA-LBN
126780-INA-LBN,15,Lebanon,Tina Rita Raffoul,FALSE,0:00,0,0,0,0,0,0,0,0,0,0,0,0,0,0,0,0,0,0,https://www.fiba.basketball/en/events/fiba-womens-asiacup-2025/games/126780-INA-LBN
126780-INA-LBN,15,Lebanon,Nour Labban,FALSE,12:35,12.58,4,3,1,1,0,1,1,2,4,50,0,2,0,0,0,0,6,https://www.fiba.basketball/en/events/fiba-womens-asiacup-2025/games/126780-INA-LBN
126780-INA-LBN,15,Lebanon,Daniella Fayad,TRUE,28:08:00,28.13,7,7,0,0,0,2,2,2,9,22.2,2,8,25,1,2,50,4,https://www.fiba.basketball/en/events/fiba-womens-asiacup-2025/games/126780-INA-LBN
126780-INA-LBN,15,Lebanon,Maria Ghaleb,FALSE,21:21,21.35,4,1,1,0,1,1,1,2,6,33.3,0,1,0,0,1,0,1,https://www.fiba.basketball/en/events/fiba-womens-asiacup-2025/games/126780-INA-LBN
126780-INA-LBN,15,Lebanon,Maygen Naassan,FALSE,23:26,23.43,0,4,2,0,1,1,1,0,4,0,0,4,0,0,0,0,2,https://www.fiba.basketball/en/events/fiba-womens-asiacup-2025/games/126780-INA-LBN
126780-INA-LBN,15,Lebanon,Zena Ramiz Elias,TRUE,14:11,14.18,7,7,1,3,0,3,3,3,8,37.5,0,0,0,1,2,50,9,https://www.fiba.basketball/en/events/fiba-womens-asiacup-2025/games/126780-INA-LBN
126780-INA-LBN,15,Lebanon,Melody Saneh,FALSE,0:00,0,0,0,0,0,0,0,0,0,0,0,0,0,0,0,0,0,0,https://www.fiba.basketball/en/events/fiba-womens-asiacup-2025/games/126780-INA-LBN
126780-INA-LBN,15,Lebanon,Amar Mansour,TRUE,33:29:00,33.48,13,8,5,3,0,3,4,4,13,30.8,1,9,11.1,4,6,66.7,15,https://www.fiba.basketball/en/events/fiba-womens-asiacup-2025/games/126780-INA-LBN
126780-INA-LBN,15,Lebanon,Mariam Jomaa,FALSE,0:00,0,0,0,0,0,0,0,0,0,0,0,0,0,0,0,0,0,0,https://www.fiba.basketball/en/events/fiba-womens-asiacup-2025/games/126780-INA-LBN
126780-INA-LBN,15,Lebanon,PERLA BOU NASR,FALSE,0:00,0,0,0,0,0,0,0,0,0,0,0,0,0,0,0,0,0,0,https://www.fiba.basketball/en/events/fiba-womens-asiacup-2025/games/126780-INA-LBN
126780-INA-LBN,15,Lebanon,Jillian Archer,TRUE,29:49:00,29.82,6,12,3,0,1,2,3,3,10,30,0,0,0,0,0,0,13,https://www.fiba.basketball/en/events/fiba-womens-asiacup-2025/games/126780-INA-LBN
126781-CHN-JPN,16,China,Saiqi Jia,FALSE,1:06,1.1,0,0,0,0,0,0,0,0,0,0,0,0,0,0,0,0,0,https://www.fiba.basketball/en/events/fiba-womens-asiacup-2025/games/126781-CHN-JPN
126781-CHN-JPN,16,China,Ruoyun Zhai,FALSE,6:46,6.77,3,1,0,0,1,1,0,1,2,50,1,2,50,0,0,0,3,https://www.fiba.basketball/en/events/fiba-womens-asiacup-2025/games/126781-CHN-JPN
126781-CHN-JPN,16,China,ZIYU ZHANG,FALSE,19:12,19.2,17,9,0,0,0,4,2,7,14,50,0,0,0,3,4,75,14,https://www.fiba.basketball/en/events/fiba-womens-asiacup-2025/games/126781-CHN-JPN
126781-CHN-JPN,16,China,Xinyu Luo,TRUE,32:08:00,32.13,8,4,0,2,1,0,0,3,5,60,1,3,33.3,1,2,50,12,https://www.fiba.basketball/en/events/fiba-womens-asiacup-2025/games/126781-CHN-JPN
126781-CHN-JPN,16,China,Xu Han,TRUE,27:23:00,27.38,18,7,7,2,0,1,0,7,19,36.8,2,4,50,2,2,100,21,https://www.fiba.basketball/en/events/fiba-womens-asiacup-2025/games/126781-CHN-JPN
126781-CHN-JPN,16,China,Zhenqi Pan,FALSE,0:00,0,0,0,0,0,0,0,0,0,0,0,0,0,0,0,0,0,0,https://www.fiba.basketball/en/events/fiba-womens-asiacup-2025/games/126781-CHN-JPN
126781-CHN-JPN,16,China,Sijing Huang,FALSE,15:17,15.28,3,3,4,0,0,1,1,1,6,16.7,0,5,0,1,1,100,4,https://www.fiba.basketball/en/events/fiba-womens-asiacup-2025/games/126781-CHN-JPN
126781-CHN-JPN,16,China,Ru Zhang,TRUE,18:08,18.13,1,5,2,0,0,1,2,0,2,0,0,0,0,1,4,25,2,https://www.fiba.basketball/en/events/fiba-womens-asiacup-2025/games/126781-CHN-JPN
126781-CHN-JPN,16,China,Liwei Yang,FALSE,27:54:00,27.9,7,2,9,1,0,3,2,3,7,42.9,1,4,25,0,0,0,12,https://www.fiba.basketball/en/events/fiba-womens-asiacup-2025/games/126781-CHN-JPN
126781-CHN-JPN,16,China,Shuyu Yang,TRUE,35:57:00,35.95,19,1,4,0,1,3,3,6,12,50,1,5,20,6,6,100,16,https://www.fiba.basketball/en/events/fiba-womens-asiacup-2025/games/126781-CHN-JPN
126781-CHN-JPN,16,China,Yuan Li,TRUE,3:25,3.42,0,1,0,0,0,0,0,0,1,0,0,0,0,0,0,0,0,https://www.fiba.basketball/en/events/fiba-womens-asiacup-2025/games/126781-CHN-JPN
126781-CHN-JPN,16,China,Siyu Wang,FALSE,12:44,12.73,5,2,2,0,0,1,1,2,2,100,0,0,0,1,1,100,8,https://www.fiba.basketball/en/events/fiba-womens-asiacup-2025/games/126781-CHN-JPN
126781-CHN-JPN,16,Japan,Monica Okoye,FALSE,2:53,2.88,3,0,0,0,0,0,1,1,2,50,1,2,50,0,0,0,2,https://www.fiba.basketball/en/events/fiba-womens-asiacup-2025/games/126781-CHN-JPN
126781-CHN-JPN,16,Japan,Miwa Kuribayashi,FALSE,7:16,7.27,2,3,0,0,0,0,2,1,4,25,0,0,0,0,0,0,2,https://www.fiba.basketball/en/events/fiba-womens-asiacup-2025/games/126781-CHN-JPN
126781-CHN-JPN,16,Japan,Nanako Todo,FALSE,13:25,13.42,8,1,1,1,0,0,3,3,6,50,2,5,40,0,0,0,8,https://www.fiba.basketball/en/events/fiba-womens-asiacup-2025/games/126781-CHN-JPN
126781-CHN-JPN,16,Japan,Anri Hoshi,FALSE,7:27,7.45,0,0,1,0,0,1,1,0,1,0,0,0,0,0,0,0,-1,https://www.fiba.basketball/en/events/fiba-womens-asiacup-2025/games/126781-CHN-JPN
126781-CHN-JPN,16,Japan,Yuki Miyazawa,FALSE,26:30:00,26.5,18,9,5,1,0,5,1,6,10,60,4,6,66.7,2,2,100,24,https://www.fiba.basketball/en/events/fiba-womens-asiacup-2025/games/126781-CHN-JPN
126781-CHN-JPN,16,Japan,Minami Yabu,FALSE,11:05,11.08,0,2,1,0,0,1,2,0,3,0,0,2,0,0,0,0,-1,https://www.fiba.basketball/en/events/fiba-womens-asiacup-2025/games/126781-CHN-JPN
126781-CHN-JPN,16,Japan,Kokoro Tanaka,TRUE,30:02:00,30.03,27,2,5,2,0,4,2,10,16,62.5,5,9,55.6,2,2,100,26,https://www.fiba.basketball/en/events/fiba-womens-asiacup-2025/games/126781-CHN-JPN
126781-CHN-JPN,16,Japan,Ramu Tokashiki,TRUE,18:53,18.88,5,3,1,0,0,0,3,2,6,33.3,0,0,0,1,2,50,4,https://www.fiba.basketball/en/events/fiba-womens-asiacup-2025/games/126781-CHN-JPN
126781-CHN-JPN,16,Japan,Maki Takada,TRUE,24:28:00,24.47,4,6,1,0,0,1,2,2,6,33.3,0,3,0,0,0,0,6,https://www.fiba.basketball/en/events/fiba-womens-asiacup-2025/games/126781-CHN-JPN
126781-CHN-JPN,16,Japan,Mai Kawai,FALSE,9:58,9.97,2,1,3,0,0,1,0,1,1,100,0,0,0,0,0,0,5,https://www.fiba.basketball/en/events/fiba-womens-asiacup-2025/games/126781-CHN-JPN
126781-CHN-JPN,16,Japan,Stephanie Mawuli,TRUE,27:24:00,27.4,7,4,1,2,1,0,2,3,5,60,1,3,33.3,0,0,0,13,https://www.fiba.basketball/en/events/fiba-womens-asiacup-2025/games/126781-CHN-JPN
126781-CHN-JPN,16,Japan,Norika Konno,TRUE,20:39,20.65,14,3,4,0,0,0,1,5,9,55.6,3,4,75,1,2,50,16,https://www.fiba.basketball/en/events/fiba-womens-asiacup-2025/games/126781-CHN-JPN
126782-AUS-KOR,17,Australia,Chloe Bibby,FALSE,14:08,14.13,12,3,2,0,0,1,0,2,5,40,1,3,33.3,7,8,87.5,12,https://www.fiba.basketball/en/events/fiba-womens-asiacup-2025/games/126782-AUS-KOR
126782-AUS-KOR,17,Australia,Alex Brooke Wilson,FALSE,9:35,9.58,1,1,1,0,0,2,0,0,1,0,0,0,0,1,2,50,-1,https://www.fiba.basketball/en/events/fiba-womens-asiacup-2025/games/126782-AUS-KOR
126782-AUS-KOR,17,Australia,Isabelle Bourne,FALSE,2:20,2.33,1,1,0,0,0,0,0,0,1,0,0,0,0,1,2,50,0,https://www.fiba.basketball/en/events/fiba-womens-asiacup-2025/games/126782-AUS-KOR
126782-AUS-KOR,17,Australia,Alexandra Fowler,TRUE,30:33:00,30.55,11,12,4,5,0,1,2,3,6,50,0,0,0,5,7,71.4,26,https://www.fiba.basketball/en/events/fiba-womens-asiacup-2025/games/126782-AUS-KOR
126782-AUS-KOR,17,Australia,Zitina Lusia Aokuso,FALSE,9:45,9.75,3,1,0,1,0,0,1,1,3,33.3,0,0,0,1,1,100,3,https://www.fiba.basketball/en/events/fiba-womens-asiacup-2025/games/126782-AUS-KOR
126782-AUS-KOR,17,Australia,Isobel Borlase,TRUE,25:27:00,25.45,10,1,3,2,0,3,2,5,10,50,0,2,0,0,0,0,8,https://www.fiba.basketball/en/events/fiba-womens-asiacup-2025/games/126782-AUS-KOR
126782-AUS-KOR,17,Australia,Sara Blicavs,TRUE,31:45:00,31.75,14,6,3,0,0,1,1,4,12,33.3,4,9,44.4,2,4,50,12,https://www.fiba.basketball/en/events/fiba-womens-asiacup-2025/games/126782-AUS-KOR
126782-AUS-KOR,17,Australia,Cayla George,TRUE,29:53:00,29.88,20,13,1,0,1,0,2,9,15,60,1,4,25,1,2,50,28,https://www.fiba.basketball/en/events/fiba-womens-asiacup-2025/games/126782-AUS-KOR
126782-AUS-KOR,17,Australia,Stephanie Reid,TRUE,28:30:00,28.5,9,1,8,0,0,2,1,2,4,50,1,1,100,4,4,100,14,https://www.fiba.basketball/en/events/fiba-womens-asiacup-2025/games/126782-AUS-KOR
126782-AUS-KOR,17,Australia,Abbey Ellis,FALSE,2:56,2.93,0,1,0,0,0,0,0,0,0,0,0,0,0,0,0,0,1,https://www.fiba.basketball/en/events/fiba-womens-asiacup-2025/games/126782-AUS-KOR
126782-AUS-KOR,17,Australia,Courtney Michelle Woods,FALSE,13:17,13.28,5,3,2,0,0,0,0,1,2,50,0,1,0,3,3,100,9,https://www.fiba.basketball/en/events/fiba-womens-asiacup-2025/games/126782-AUS-KOR
126782-AUS-KOR,17,Australia,Miela Goodchild,FALSE,1:51,1.85,0,0,0,0,0,0,0,0,1,0,0,1,0,0,0,0,-1,https://www.fiba.basketball/en/events/fiba-womens-asiacup-2025/games/126782-AUS-KOR
126782-AUS-KOR,17,Korea,Yusun HONG,FALSE,9:39,9.65,2,0,0,1,0,3,1,1,2,50,0,1,0,0,0,0,-1,https://www.fiba.basketball/en/events/fiba-womens-asiacup-2025/games/126782-AUS-KOR
126782-AUS-KOR,17,Korea,Myung Kuwan Lee,FALSE,9:52,9.87,3,0,0,0,0,2,1,1,1,100,1,1,100,0,0,0,1,https://www.fiba.basketball/en/events/fiba-womens-asiacup-2025/games/126782-AUS-KOR
126782-AUS-KOR,17,Korea,Haeran Lee,TRUE,22:06,22.1,5,5,1,2,0,0,3,2,6,33.3,1,3,33.3,0,0,0,9,https://www.fiba.basketball/en/events/fiba-womens-asiacup-2025/games/126782-AUS-KOR
126782-AUS-KOR,17,Korea,Yoolim Kang,TRUE,15:34,15.57,3,0,2,1,0,1,5,1,2,50,1,2,50,0,0,0,4,https://www.fiba.basketball/en/events/fiba-womens-asiacup-2025/games/126782-AUS-KOR
126782-AUS-KOR,17,Korea,Jihyun Park,TRUE,33:23:00,33.38,19,2,1,0,0,0,3,8,16,50,2,7,28.6,1,2,50,13,https://www.fiba.basketball/en/events/fiba-womens-asiacup-2025/games/126782-AUS-KOR
126782-AUS-KOR,17,Korea,Juyeon Lee,FALSE,0:00,0,0,0,0,0,0,0,0,0,0,0,0,0,0,0,0,0,0,https://www.fiba.basketball/en/events/fiba-womens-asiacup-2025/games/126782-AUS-KOR
126782-AUS-KOR,17,Korea,Jisu Park,TRUE,21:07,21.12,6,5,3,0,0,3,3,2,10,20,0,2,0,2,2,100,3,https://www.fiba.basketball/en/events/fiba-womens-asiacup-2025/games/126782-AUS-KOR
126782-AUS-KOR,17,Korea,Isaem Choi,FALSE,29:08:00,29.13,10,0,4,0,0,0,2,4,9,44.4,2,4,50,0,0,0,9,https://www.fiba.basketball/en/events/fiba-womens-asiacup-2025/games/126782-AUS-KOR
126782-AUS-KOR,17,Korea,Yeeun Heo,FALSE,21:32,21.53,20,3,5,2,0,0,3,8,12,66.7,4,5,80,0,0,0,26,https://www.fiba.basketball/en/events/fiba-womens-asiacup-2025/games/126782-AUS-KOR
126782-AUS-KOR,17,Korea,Leeseul Kang,FALSE,0:00,0,0,0,0,0,0,0,0,0,0,0,0,0,0,0,0,0,0,https://www.fiba.basketball/en/events/fiba-womens-asiacup-2025/games/126782-AUS-KOR
126782-AUS-KOR,17,Korea,Heji An,TRUE,18:28,18.47,1,5,4,0,0,1,1,0,2,0,0,1,0,1,2,50,6,https://www.fiba.basketball/en/events/fiba-womens-asiacup-2025/games/126782-AUS-KOR
126782-AUS-KOR,17,Korea,Jihyun Shin,FALSE,19:11,19.18,4,4,7,0,0,1,4,2,5,40,0,2,0,0,0,0,11,https://www.fiba.basketball/en/events/fiba-womens-asiacup-2025/games/126782-AUS-KOR
126783-PHI-NZL,18,Philippines,Cielo Pagdulagan,FALSE,0:00,0,0,0,0,0,0,0,0,0,0,0,0,0,0,0,0,0,0,https://www.fiba.basketball/en/events/fiba-womens-asiacup-2025/games/126783-PHI-NZL
126783-PHI-NZL,18,Philippines,Naomi Natalie Panganiban,TRUE,30:30:00,30.5,11,2,2,3,0,2,0,3,12,25,0,3,0,5,7,71.4,5,https://www.fiba.basketball/en/events/fiba-womens-asiacup-2025/games/126783-PHI-NZL
126783-PHI-NZL,18,Philippines,Kent Jane Pastrana,FALSE,15:55,15.92,5,1,2,0,1,1,1,2,7,28.6,1,4,25,0,0,0,3,https://www.fiba.basketball/en/events/fiba-womens-asiacup-2025/games/126783-PHI-NZL
126783-PHI-NZL,18,Philippines,Quinn Kacey Dela Rosa,FALSE,17:18,17.3,3,4,1,1,6,1,4,1,5,20,0,1,0,1,2,50,9,https://www.fiba.basketball/en/events/fiba-womens-asiacup-2025/games/126783-PHI-NZL
126783-PHI-NZL,18,Philippines,Jack Animam,TRUE,32:23:00,32.38,9,8,4,4,4,1,2,4,10,40,0,0,0,1,4,25,19,https://www.fiba.basketball/en/events/fiba-womens-asiacup-2025/games/126783-PHI-NZL
126783-PHI-NZL,18,Philippines,Louna Ozar,TRUE,20:13,20.22,0,0,3,0,0,0,3,0,2,0,0,2,0,0,0,0,1,https://www.fiba.basketball/en/events/fiba-womens-asiacup-2025/games/126783-PHI-NZL
126783-PHI-NZL,18,Philippines,Angelica Surada,TRUE,20:49,20.82,2,3,0,3,1,1,2,1,3,33.3,0,0,0,0,0,0,6,https://www.fiba.basketball/en/events/fiba-womens-asiacup-2025/games/126783-PHI-NZL
126783-PHI-NZL,18,Philippines,Ella Fajardo,FALSE,0:00,0,0,0,0,0,0,0,0,0,0,0,0,0,0,0,0,0,0,https://www.fiba.basketball/en/events/fiba-womens-asiacup-2025/games/126783-PHI-NZL
126783-PHI-NZL,18,Philippines,Yvette Marie Villanueva,FALSE,0:00,0,0,0,0,0,0,0,0,0,0,0,0,0,0,0,0,0,0,https://www.fiba.basketball/en/events/fiba-womens-asiacup-2025/games/126783-PHI-NZL
126783-PHI-NZL,18,Philippines,Vanessa De Jesus,TRUE,30:55:00,30.92,16,4,4,0,0,3,0,7,16,43.8,2,3,66.7,0,0,0,12,https://www.fiba.basketball/en/events/fiba-womens-asiacup-2025/games/126783-PHI-NZL
126783-PHI-NZL,18,Philippines,Sumayah Sugapong,FALSE,14:45,14.75,11,4,2,0,0,1,5,3,9,33.3,3,6,50,2,2,100,10,https://www.fiba.basketball/en/events/fiba-womens-asiacup-2025/games/126783-PHI-NZL
126783-PHI-NZL,18,Philippines,Khate Castillo,FALSE,17:12,17.2,14,1,1,0,0,0,2,4,7,57.1,4,7,57.1,2,2,100,13,https://www.fiba.basketball/en/events/fiba-womens-asiacup-2025/games/126783-PHI-NZL
126783-PHI-NZL,18,New Zealand,Ashlee Strawbridge,FALSE,13:27,13.45,6,3,0,0,0,0,0,3,6,50,0,2,0,0,0,0,6,https://www.fiba.basketball/en/events/fiba-womens-asiacup-2025/games/126783-PHI-NZL
126783-PHI-NZL,18,New Zealand,Rebecca Kathleen Pizzey,TRUE,24:12:00,24.2,6,10,3,0,1,2,2,1,3,33.3,0,0,0,4,4,100,16,https://www.fiba.basketball/en/events/fiba-womens-asiacup-2025/games/126783-PHI-NZL
126783-PHI-NZL,18,New Zealand,Pahlyss Hokianga,FALSE,4:54,4.9,0,0,0,0,0,1,0,0,1,0,0,0,0,0,0,0,-2,https://www.fiba.basketball/en/events/fiba-womens-asiacup-2025/games/126783-PHI-NZL
126783-PHI-NZL,18,New Zealand,Bailey Flavell,FALSE,9:33,9.55,0,2,0,0,1,2,0,0,4,0,0,3,0,0,0,0,-3,https://www.fiba.basketball/en/events/fiba-womens-asiacup-2025/games/126783-PHI-NZL
126783-PHI-NZL,18,New Zealand,Emilia Shearer,TRUE,28:59:00,28.98,16,6,4,0,1,3,1,6,12,50,2,6,33.3,2,3,66.7,17,https://www.fiba.basketball/en/events/fiba-womens-asiacup-2025/games/126783-PHI-NZL
126783-PHI-NZL,18,New Zealand,Charlotte Whittaker,FALSE,14:00,14,6,7,1,1,1,2,4,3,7,42.9,0,1,0,0,0,0,10,https://www.fiba.basketball/en/events/fiba-womens-asiacup-2025/games/126783-PHI-NZL
126783-PHI-NZL,18,New Zealand,McKenna Dale,TRUE,31:18:00,31.3,11,7,3,0,1,1,1,5,16,31.3,1,7,14.3,0,0,0,10,https://www.fiba.basketball/en/events/fiba-womens-asiacup-2025/games/126783-PHI-NZL
126783-PHI-NZL,18,New Zealand,Tayla Dalton,TRUE,31:49:00,31.82,6,2,4,2,0,1,1,3,8,37.5,0,0,0,0,3,0,5,https://www.fiba.basketball/en/events/fiba-womens-asiacup-2025/games/126783-PHI-NZL
126783-PHI-NZL,18,New Zealand,Olivia Williams,FALSE,0:00,0,0,0,0,0,0,0,0,0,0,0,0,0,0,0,0,0,0,https://www.fiba.basketball/en/events/fiba-womens-asiacup-2025/games/126783-PHI-NZL
126783-PHI-NZL,18,New Zealand,Ritorya Tamilo,FALSE,12:08,12.13,4,10,3,1,2,1,0,2,6,33.3,0,0,0,0,0,0,15,https://www.fiba.basketball/en/events/fiba-womens-asiacup-2025/games/126783-PHI-NZL
126783-PHI-NZL,18,New Zealand,Ella Tofaeono,FALSE,5:22,5.37,6,5,1,0,0,2,1,2,4,50,0,0,0,2,2,100,8,https://www.fiba.basketball/en/events/fiba-womens-asiacup-2025/games/126783-PHI-NZL
126783-PHI-NZL,18,New Zealand,Esra McGoldrick,TRUE,24:18:00,24.3,17,7,2,1,2,2,4,6,15,40,2,7,28.6,3,4,75,17,https://www.fiba.basketball/en/events/fiba-womens-asiacup-2025/games/126783-PHI-NZL
126784-KOR-CHN,19,Korea,Yusun HONG,FALSE,10:19,10.32,0,2,2,0,0,1,0,0,2,0,0,0,0,0,0,0,1,https://www.fiba.basketball/en/events/fiba-womens-asiacup-2025/games/126784-KOR-CHN
126784-KOR-CHN,19,Korea,Myung Kuwan Lee,FALSE,20:13,20.22,7,1,0,0,1,0,4,3,6,50,1,3,33.3,0,0,0,6,https://www.fiba.basketball/en/events/fiba-womens-asiacup-2025/games/126784-KOR-CHN
126784-KOR-CHN,19,Korea,Haeran Lee,FALSE,16:47,16.78,7,2,1,0,0,0,1,3,7,42.9,1,4,25,0,0,0,6,https://www.fiba.basketball/en/events/fiba-womens-asiacup-2025/games/126784-KOR-CHN
126784-KOR-CHN,19,Korea,Yoolim Kang,TRUE,17:22,17.37,7,1,0,0,0,0,2,3,6,50,1,3,33.3,0,0,0,5,https://www.fiba.basketball/en/events/fiba-womens-asiacup-2025/games/126784-KOR-CHN
126784-KOR-CHN,19,Korea,Jihyun Park,TRUE,30:14:00,30.23,3,8,4,0,0,1,2,1,7,14.3,1,4,25,0,0,0,8,https://www.fiba.basketball/en/events/fiba-womens-asiacup-2025/games/126784-KOR-CHN
126784-KOR-CHN,19,Korea,Juyeon Lee,FALSE,0:00,0,0,0,0,0,0,0,0,0,0,0,0,0,0,0,0,0,0,https://www.fiba.basketball/en/events/fiba-womens-asiacup-2025/games/126784-KOR-CHN
126784-KOR-CHN,19,Korea,Jisu Park,TRUE,24:51:00,24.85,14,2,1,0,0,2,2,7,19,36.8,0,0,0,0,0,0,3,https://www.fiba.basketball/en/events/fiba-womens-asiacup-2025/games/126784-KOR-CHN
126784-KOR-CHN,19,Korea,Isaem Choi,TRUE,28:03:00,28.05,10,2,0,0,0,2,0,5,11,45.5,0,3,0,0,0,0,4,https://www.fiba.basketball/en/events/fiba-womens-asiacup-2025/games/126784-KOR-CHN
126784-KOR-CHN,19,Korea,Yeeun Heo,FALSE,14:20,14.33,11,2,6,0,0,1,3,4,7,57.1,1,2,50,2,2,100,15,https://www.fiba.basketball/en/events/fiba-womens-asiacup-2025/games/126784-KOR-CHN
126784-KOR-CHN,19,Korea,Leeseul Kang,FALSE,0:00,0,0,0,0,0,0,0,0,0,0,0,0,0,0,0,0,0,0,https://www.fiba.basketball/en/events/fiba-womens-asiacup-2025/games/126784-KOR-CHN
126784-KOR-CHN,19,Korea,Heji An,TRUE,23:03,23.05,4,4,8,0,0,0,3,2,5,40,0,0,0,0,0,0,13,https://www.fiba.basketball/en/events/fiba-womens-asiacup-2025/games/126784-KOR-CHN
126784-KOR-CHN,19,Korea,Jihyun Shin,FALSE,14:48,14.8,3,0,1,1,0,0,4,1,4,25,1,3,33.3,0,0,0,2,https://www.fiba.basketball/en/events/fiba-womens-asiacup-2025/games/126784-KOR-CHN
126784-KOR-CHN,19,China,Shuyu Yang,TRUE,20:42,20.7,5,2,3,0,0,1,2,2,5,40,1,3,33.3,0,0,0,6,https://www.fiba.basketball/en/events/fiba-womens-asiacup-2025/games/126784-KOR-CHN
126784-KOR-CHN,19,China,Yuan Li,TRUE,18:00,18,0,3,2,1,0,1,1,0,3,0,0,1,0,0,0,0,2,https://www.fiba.basketball/en/events/fiba-womens-asiacup-2025/games/126784-KOR-CHN
126784-KOR-CHN,19,China,Siyu Wang,FALSE,16:32,16.53,19,7,7,0,1,0,2,6,8,75,0,1,0,7,10,70,29,https://www.fiba.basketball/en/events/fiba-womens-asiacup-2025/games/126784-KOR-CHN
126784-KOR-CHN,19,China,Saiqi Jia,FALSE,15:22,15.37,5,1,2,0,0,0,1,2,4,50,1,1,100,0,0,0,6,https://www.fiba.basketball/en/events/fiba-womens-asiacup-2025/games/126784-KOR-CHN
126784-KOR-CHN,19,China,Ruoyun Zhai,FALSE,23:55,23.92,3,4,1,0,0,0,2,1,1,100,1,1,100,0,0,0,8,https://www.fiba.basketball/en/events/fiba-womens-asiacup-2025/games/126784-KOR-CHN
126784-KOR-CHN,19,China,ZIYU ZHANG,FALSE,14:59,14.98,18,7,3,0,1,1,0,7,11,63.6,0,0,0,4,6,66.7,22,https://www.fiba.basketball/en/events/fiba-womens-asiacup-2025/games/126784-KOR-CHN
126784-KOR-CHN,19,China,Xinyu Luo,TRUE,17:06,17.1,15,4,1,3,0,0,0,4,11,36.4,3,7,42.9,4,4,100,16,https://www.fiba.basketball/en/events/fiba-womens-asiacup-2025/games/126784-KOR-CHN
126784-KOR-CHN,19,China,Xu Han,TRUE,25:23:00,25.38,16,6,0,0,3,2,1,8,16,50,0,2,0,0,0,0,15,https://www.fiba.basketball/en/events/fiba-womens-asiacup-2025/games/126784-KOR-CHN
126784-KOR-CHN,19,China,Zhenqi Pan,FALSE,4:18,4.3,0,0,0,0,0,0,1,0,0,0,0,0,0,0,0,0,0,https://www.fiba.basketball/en/events/fiba-womens-asiacup-2025/games/126784-KOR-CHN
126784-KOR-CHN,19,China,Sijing Huang,FALSE,4:20,4.33,4,3,2,1,0,0,0,2,2,100,0,0,0,0,0,0,10,https://www.fiba.basketball/en/events/fiba-womens-asiacup-2025/games/126784-KOR-CHN
126784-KOR-CHN,19,China,Ru Zhang,TRUE,19:14,19.23,2,2,2,0,0,1,2,1,1,100,0,0,0,0,0,0,5,https://www.fiba.basketball/en/events/fiba-womens-asiacup-2025/games/126784-KOR-CHN
126784-KOR-CHN,19,China,Liwei Yang,FALSE,20:09,20.15,14,1,4,0,0,3,2,5,8,62.5,2,3,66.7,2,2,100,13,https://www.fiba.basketball/en/events/fiba-womens-asiacup-2025/games/126784-KOR-CHN
126785-AUS-JPN,20,Australia,Chloe Bibby,FALSE,6:00,6,0,1,0,0,0,0,0,0,1,0,0,0,0,0,0,0,0,https://www.fiba.basketball/en/events/fiba-womens-asiacup-2025/games/126785-AUS-JPN
126785-AUS-JPN,20,Australia,Alex Brooke Wilson,FALSE,26:19:00,26.32,14,2,1,2,0,2,4,4,8,50,2,4,50,4,10,40,7,https://www.fiba.basketball/en/events/fiba-womens-asiacup-2025/games/126785-AUS-JPN
126785-AUS-JPN,20,Australia,Isabelle Bourne,FALSE,11:34,11.57,8,3,2,1,1,0,1,2,4,50,2,2,100,2,2,100,13,https://www.fiba.basketball/en/events/fiba-womens-asiacup-2025/games/126785-AUS-JPN
126785-AUS-JPN,20,Australia,Alexandra Fowler,TRUE,30:27:00,30.45,15,6,2,0,1,0,2,7,11,63.6,0,3,0,1,1,100,20,https://www.fiba.basketball/en/events/fiba-womens-asiacup-2025/games/126785-AUS-JPN
126785-AUS-JPN,20,Australia,Zitina Lusia Aokuso,FALSE,17:41,17.68,11,8,4,0,1,1,1,4,11,36.4,0,0,0,3,4,75,15,https://www.fiba.basketball/en/events/fiba-womens-asiacup-2025/games/126785-AUS-JPN
126785-AUS-JPN,20,Australia,Isobel Borlase,TRUE,10:01,10.02,8,2,0,0,0,1,4,3,6,50,0,0,0,2,2,100,6,https://www.fiba.basketball/en/events/fiba-womens-asiacup-2025/games/126785-AUS-JPN
126785-AUS-JPN,20,Australia,Sara Blicavs,TRUE,26:38:00,26.63,2,3,2,3,0,0,1,0,4,0,0,2,0,2,2,100,6,https://www.fiba.basketball/en/events/fiba-womens-asiacup-2025/games/126785-AUS-JPN
126785-AUS-JPN,20,Australia,Cayla George,TRUE,21:27,21.45,8,5,5,0,0,0,3,3,8,37.5,2,3,66.7,0,0,0,13,https://www.fiba.basketball/en/events/fiba-womens-asiacup-2025/games/126785-AUS-JPN
126785-AUS-JPN,20,Australia,Stephanie Reid,TRUE,18:54,18.9,13,0,4,0,0,2,5,4,10,40,3,6,50,2,2,100,9,https://www.fiba.basketball/en/events/fiba-womens-asiacup-2025/games/126785-AUS-JPN
126785-AUS-JPN,20,Australia,Abbey Ellis,FALSE,0:18,0.3,0,1,0,0,0,0,0,0,0,0,0,0,0,0,0,0,1,https://www.fiba.basketball/en/events/fiba-womens-asiacup-2025/games/126785-AUS-JPN
126785-AUS-JPN,20,Australia,Courtney Michelle Woods,FALSE,28:28:00,28.47,9,6,2,3,0,1,2,3,7,42.9,0,1,0,3,3,100,15,https://www.fiba.basketball/en/events/fiba-womens-asiacup-2025/games/126785-AUS-JPN
126785-AUS-JPN,20,Australia,Miela Goodchild,FALSE,2:13,2.22,0,0,0,0,0,0,0,0,0,0,0,0,0,0,0,0,0,https://www.fiba.basketball/en/events/fiba-womens-asiacup-2025/games/126785-AUS-JPN
126785-AUS-JPN,20,Japan,Maki Takada,TRUE,25:37:00,25.62,14,6,0,0,0,1,3,5,7,71.4,1,1,100,3,6,50,14,https://www.fiba.basketball/en/events/fiba-womens-asiacup-2025/games/126785-AUS-JPN
126785-AUS-JPN,20,Japan,Mai Kawai,FALSE,11:07,11.12,4,1,4,1,0,3,1,1,2,50,0,0,0,2,2,100,6,https://www.fiba.basketball/en/events/fiba-womens-asiacup-2025/games/126785-AUS-JPN
126785-AUS-JPN,20,Japan,Stephanie Mawuli,TRUE,22:23,22.38,8,3,0,1,0,1,2,2,4,50,0,1,0,4,5,80,8,https://www.fiba.basketball/en/events/fiba-womens-asiacup-2025/games/126785-AUS-JPN
126785-AUS-JPN,20,Japan,Norika Konno,TRUE,16:56,16.93,2,1,0,0,1,1,2,1,1,100,0,0,0,0,0,0,3,https://www.fiba.basketball/en/events/fiba-womens-asiacup-2025/games/126785-AUS-JPN
126785-AUS-JPN,20,Japan,Monica Okoye,FALSE,0:23,0.38,0,0,0,0,0,0,0,0,0,0,0,0,0,0,0,0,0,https://www.fiba.basketball/en/events/fiba-womens-asiacup-2025/games/126785-AUS-JPN
126785-AUS-JPN,20,Japan,Miwa Kuribayashi,FALSE,3:57,3.95,0,2,0,0,0,0,0,0,0,0,0,0,0,0,0,0,2,https://www.fiba.basketball/en/events/fiba-womens-asiacup-2025/games/126785-AUS-JPN
126785-AUS-JPN,20,Japan,Nanako Todo,FALSE,15:01,15.02,0,1,1,2,0,0,1,0,1,0,0,1,0,0,0,0,3,https://www.fiba.basketball/en/events/fiba-womens-asiacup-2025/games/126785-AUS-JPN
126785-AUS-JPN,20,Japan,Anri Hoshi,FALSE,6:11,6.18,0,0,0,1,0,0,2,0,3,0,0,1,0,0,0,0,-2,https://www.fiba.basketball/en/events/fiba-womens-asiacup-2025/games/126785-AUS-JPN
126785-AUS-JPN,20,Japan,Yuki Miyazawa,FALSE,31:47:00,31.78,18,9,1,1,1,3,3,6,10,60,4,5,80,2,2,100,23,https://www.fiba.basketball/en/events/fiba-womens-asiacup-2025/games/126785-AUS-JPN
126785-AUS-JPN,20,Japan,Minami Yabu,FALSE,19:29,19.48,4,0,0,0,0,1,2,1,6,16.7,1,4,25,1,2,50,-3,https://www.fiba.basketball/en/events/fiba-womens-asiacup-2025/games/126785-AUS-JPN
126785-AUS-JPN,20,Japan,Kokoro Tanaka,TRUE,28:53:00,28.88,21,6,9,0,0,1,3,7,20,35,3,8,37.5,4,4,100,22,https://www.fiba.basketball/en/events/fiba-womens-asiacup-2025/games/126785-AUS-JPN
126785-AUS-JPN,20,Japan,Ramu Tokashiki,TRUE,18:16,18.27,8,5,0,0,2,4,2,3,4,75,0,0,0,2,3,66.7,9,https://www.fiba.basketball/en/events/fiba-womens-asiacup-2025/games/126785-AUS-JPN
